file,strategy,current_state,exit_code,total_states,time_seconds
../LTL-Synth/ActionConverter.tlsf,linear,1,0,1,0.9089930057525635
../LTL-Synth/ActionConverter.tlsf,expo,1,0,1,0.650001049041748
../LTL-Synth/ActionConverter.tlsf,hybrid,1,0,1,0.623589038848877
../LTL-Synth/ActionConverter.tlsf,hybrid,1,0,1,0.631040096282959
../LTL-Synth/amba_decomposed_arbiter_2.tlsf,linear,1,0,3,0.6623449325561523
../LTL-Synth/amba_decomposed_arbiter_2.tlsf,linear,2,0,3,0.7149240970611572
../LTL-Synth/amba_decomposed_arbiter_2.tlsf,linear,3,0,3,0.8330600261688232
../LTL-Synth/amba_decomposed_arbiter_2.tlsf,expo,1,0,4,0.631105899810791
../LTL-Synth/amba_decomposed_arbiter_2.tlsf,expo,2,0,4,0.680107831954956
../LTL-Synth/amba_decomposed_arbiter_2.tlsf,expo,4,0,4,0.8038239479064941
../LTL-Synth/amba_decomposed_arbiter_2.tlsf,hybrid,1,0,3,0.6767861843109131
../LTL-Synth/amba_decomposed_arbiter_2.tlsf,hybrid,2,0,3,0.726891040802002
../LTL-Synth/amba_decomposed_arbiter_2.tlsf,hybrid,4,0,3,0.8467521667480469
../LTL-Synth/amba_decomposed_arbiter_2.tlsf,hybrid,3,0,3,1.294828176498413
../LTL-Synth/amba_decomposed_arbiter_4.tlsf,linear,1,0,5,3.38740611076355
../LTL-Synth/amba_decomposed_arbiter_4.tlsf,linear,2,0,5,3.4681921005249023
../LTL-Synth/amba_decomposed_arbiter_4.tlsf,linear,3,0,5,3.774082899093628
../LTL-Synth/amba_decomposed_arbiter_4.tlsf,linear,4,0,5,4.451967000961304
../LTL-Synth/amba_decomposed_arbiter_4.tlsf,linear,5,0,5,5.5328590869903564
../LTL-Synth/amba_decomposed_arbiter_4.tlsf,expo,1,0,8,3.3472821712493896
../LTL-Synth/amba_decomposed_arbiter_4.tlsf,expo,2,0,8,3.429823160171509
../LTL-Synth/amba_decomposed_arbiter_4.tlsf,expo,4,0,8,3.719426155090332
../LTL-Synth/amba_decomposed_arbiter_4.tlsf,expo,8,0,8,4.790650129318237
../LTL-Synth/amba_decomposed_arbiter_4.tlsf,hybrid,1,0,5,3.905653953552246
../LTL-Synth/amba_decomposed_arbiter_4.tlsf,hybrid,2,0,5,3.994133949279785
../LTL-Synth/amba_decomposed_arbiter_4.tlsf,hybrid,4,0,5,4.296535968780518
../LTL-Synth/amba_decomposed_arbiter_4.tlsf,hybrid,8,0,5,5.384215831756592
../LTL-Synth/amba_decomposed_arbiter_4.tlsf,hybrid,6,0,5,9.70547103881836
../LTL-Synth/amba_decomposed_arbiter_4.tlsf,hybrid,5,0,5,11.817952871322632
../LTL-Synth/amba_decomposed_arbiter_6.tlsf,linear,1,0,7,331.4114279747009
../LTL-Synth/amba_decomposed_arbiter_6.tlsf,linear,2,0,7,331.6230969429016
../LTL-Synth/amba_decomposed_arbiter_6.tlsf,linear,3,0,7,332.36264395713806
../LTL-Synth/amba_decomposed_arbiter_6.tlsf,linear,4,0,7,333.9300401210785
../LTL-Synth/amba_decomposed_arbiter_6.tlsf,linear,5,0,7,336.3062379360199
../LTL-Synth/amba_decomposed_arbiter_6.tlsf,linear,6,0,7,340.13875007629395
../LTL-Synth/amba_decomposed_arbiter_6.tlsf,linear,7,0,7,347.13748812675476
../LTL-Synth/amba_decomposed_arbiter_6.tlsf,expo,1,0,8,217.75602006912231
../LTL-Synth/amba_decomposed_arbiter_6.tlsf,expo,2,0,8,217.98449397087097
../LTL-Synth/amba_decomposed_arbiter_6.tlsf,expo,4,0,8,218.7506880760193
../LTL-Synth/amba_decomposed_arbiter_6.tlsf,expo,8,0,8,221.16185402870178
../LTL-Synth/amba_decomposed_arbiter_6.tlsf,hybrid,1,0,7,230.82009601593018
../LTL-Synth/amba_decomposed_arbiter_6.tlsf,hybrid,2,0,7,231.03281903266907
../LTL-Synth/amba_decomposed_arbiter_6.tlsf,hybrid,4,0,7,231.77123403549194
../LTL-Synth/amba_decomposed_arbiter_6.tlsf,hybrid,8,0,7,234.16916584968567
../LTL-Synth/amba_decomposed_arbiter_6.tlsf,hybrid,6,0,7,246.23192286491394
../LTL-Synth/amba_decomposed_arbiter_6.tlsf,hybrid,7,0,7,253.9134659767151
../LTL-Synth/amba_decomposed_encode_4.tlsf,linear,1,0,4,0.6389460563659668
../LTL-Synth/amba_decomposed_encode_4.tlsf,linear,2,0,4,0.6720890998840332
../LTL-Synth/amba_decomposed_encode_4.tlsf,linear,3,0,4,0.7829430103302002
../LTL-Synth/amba_decomposed_encode_4.tlsf,linear,4,0,4,0.9988069534301758
../LTL-Synth/amba_decomposed_encode_4.tlsf,expo,1,0,4,0.660801887512207
../LTL-Synth/amba_decomposed_encode_4.tlsf,expo,2,0,4,0.6913149356842041
../LTL-Synth/amba_decomposed_encode_4.tlsf,expo,4,0,4,0.8151090145111084
../LTL-Synth/amba_decomposed_encode_4.tlsf,hybrid,1,0,4,0.6588540077209473
../LTL-Synth/amba_decomposed_encode_4.tlsf,hybrid,2,0,4,0.6948800086975098
../LTL-Synth/amba_decomposed_encode_4.tlsf,hybrid,4,0,4,0.8062388896942139
../LTL-Synth/amba_decomposed_encode_4.tlsf,hybrid,3,0,4,1.173156976699829
../LTL-Synth/amba_decomposed_encode_4.tlsf,hybrid,4,0,4,1.3900949954986572
../LTL-Synth/amba_decomposed_encode_6.tlsf,linear,1,132,6,0.7722580432891846
../LTL-Synth/amba_decomposed_encode_6.tlsf,linear,2,132,6,0.9322569370269775
../LTL-Synth/amba_decomposed_encode_6.tlsf,linear,3,132,6,1.453812837600708
../LTL-Synth/amba_decomposed_encode_6.tlsf,linear,4,132,6,2.3219070434570312
../LTL-Synth/amba_decomposed_encode_6.tlsf,linear,5,132,6,3.756263017654419
../LTL-Synth/amba_decomposed_encode_6.tlsf,linear,6,132,6,6.002295017242432
../LTL-Synth/amba_decomposed_encode_6.tlsf,expo,1,0,8,0.7695748805999756
../LTL-Synth/amba_decomposed_encode_6.tlsf,expo,2,0,8,0.9242119789123535
../LTL-Synth/amba_decomposed_encode_6.tlsf,expo,4,0,8,1.4435358047485352
../LTL-Synth/amba_decomposed_encode_6.tlsf,expo,8,0,8,2.8903229236602783
../LTL-Synth/amba_decomposed_encode_6.tlsf,hybrid,1,0,6,0.7722110748291016
../LTL-Synth/amba_decomposed_encode_6.tlsf,hybrid,2,0,6,0.9238049983978271
../LTL-Synth/amba_decomposed_encode_6.tlsf,hybrid,4,0,6,1.443816900253296
../LTL-Synth/amba_decomposed_encode_6.tlsf,hybrid,8,0,6,2.889364004135132
../LTL-Synth/amba_decomposed_encode_6.tlsf,hybrid,6,0,6,8.727139949798584
../LTL-Synth/amba_decomposed_encode_6.tlsf,hybrid,5,0,6,12.06645393371582
../LTL-Synth/amba_decomposed_encode_8.tlsf,linear,1,0,8,1.2556509971618652
../LTL-Synth/amba_decomposed_encode_8.tlsf,linear,2,0,8,1.5253679752349854
../LTL-Synth/amba_decomposed_encode_8.tlsf,linear,3,0,8,2.3172829151153564
../LTL-Synth/amba_decomposed_encode_8.tlsf,linear,4,0,8,3.8196449279785156
../LTL-Synth/amba_decomposed_encode_8.tlsf,linear,5,0,8,6.358886957168579
../LTL-Synth/amba_decomposed_encode_8.tlsf,linear,6,0,8,10.173058986663818
../LTL-Synth/amba_decomposed_encode_8.tlsf,linear,7,0,8,15.341997861862183
../LTL-Synth/amba_decomposed_encode_8.tlsf,linear,8,0,8,22.501353979110718
../LTL-Synth/amba_decomposed_encode_8.tlsf,expo,1,0,8,1.2320349216461182
../LTL-Synth/amba_decomposed_encode_8.tlsf,expo,2,0,8,1.4959089756011963
../LTL-Synth/amba_decomposed_encode_8.tlsf,expo,4,0,8,2.29253888130188
../LTL-Synth/amba_decomposed_encode_8.tlsf,expo,8,0,8,4.826453924179077
../LTL-Synth/amba_decomposed_encode_8.tlsf,hybrid,1,0,8,1.222795009613037
../LTL-Synth/amba_decomposed_encode_8.tlsf,hybrid,2,0,8,1.4964549541473389
../LTL-Synth/amba_decomposed_encode_8.tlsf,hybrid,4,0,8,2.257457971572876
../LTL-Synth/amba_decomposed_encode_8.tlsf,hybrid,8,0,8,4.796749114990234
../LTL-Synth/amba_decomposed_encode_8.tlsf,hybrid,6,0,8,14.365811109542847
../LTL-Synth/amba_decomposed_encode_8.tlsf,hybrid,7,0,8,19.510735988616943
../LTL-Synth/amba_decomposed_encode_8.tlsf,hybrid,8,0,8,26.672497987747192
../LTL-Synth/amba_decomposed_lock_10.tlsf,linear,1,0,3,42.10033988952637
../LTL-Synth/amba_decomposed_lock_10.tlsf,linear,2,0,3,42.224326848983765
../LTL-Synth/amba_decomposed_lock_10.tlsf,linear,3,0,3,42.56637787818909
../LTL-Synth/amba_decomposed_lock_10.tlsf,expo,1,0,4,42.1225471496582
../LTL-Synth/amba_decomposed_lock_10.tlsf,expo,2,0,4,42.251835107803345
../LTL-Synth/amba_decomposed_lock_10.tlsf,expo,4,0,4,42.60129117965698
../LTL-Synth/amba_decomposed_lock_10.tlsf,hybrid,1,0,3,41.8340950012207
../LTL-Synth/amba_decomposed_lock_10.tlsf,hybrid,2,0,3,41.95939302444458
../LTL-Synth/amba_decomposed_lock_10.tlsf,hybrid,4,0,3,42.30384111404419
../LTL-Synth/amba_decomposed_lock_10.tlsf,hybrid,3,0,3,43.40895104408264
../LTL-Synth/amba_decomposed_lock_2.tlsf,linear,1,0,3,0.6151928901672363
../LTL-Synth/amba_decomposed_lock_2.tlsf,linear,2,0,3,0.6539387702941895
../LTL-Synth/amba_decomposed_lock_2.tlsf,linear,3,0,3,0.7345948219299316
../LTL-Synth/amba_decomposed_lock_2.tlsf,expo,1,0,4,0.6638200283050537
../LTL-Synth/amba_decomposed_lock_2.tlsf,expo,2,0,4,0.6997740268707275
../LTL-Synth/amba_decomposed_lock_2.tlsf,expo,4,0,4,0.7748041152954102
../LTL-Synth/amba_decomposed_lock_2.tlsf,hybrid,1,0,3,0.6333291530609131
../LTL-Synth/amba_decomposed_lock_2.tlsf,hybrid,2,0,3,0.6663370132446289
../LTL-Synth/amba_decomposed_lock_2.tlsf,hybrid,4,0,3,0.7400760650634766
../LTL-Synth/amba_decomposed_lock_2.tlsf,hybrid,3,0,3,0.9617350101470947
../LTL-Synth/amba_decomposed_lock_4.tlsf,linear,1,0,3,0.6348748207092285
../LTL-Synth/amba_decomposed_lock_4.tlsf,linear,2,0,3,0.6677658557891846
../LTL-Synth/amba_decomposed_lock_4.tlsf,linear,3,0,3,0.7525668144226074
../LTL-Synth/amba_decomposed_lock_4.tlsf,expo,1,0,4,0.6564209461212158
../LTL-Synth/amba_decomposed_lock_4.tlsf,expo,2,0,4,0.6845359802246094
../LTL-Synth/amba_decomposed_lock_4.tlsf,expo,4,0,4,0.7695469856262207
../LTL-Synth/amba_decomposed_lock_4.tlsf,hybrid,1,0,3,0.6397221088409424
../LTL-Synth/amba_decomposed_lock_4.tlsf,hybrid,2,0,3,0.6695969104766846
../LTL-Synth/amba_decomposed_lock_4.tlsf,hybrid,4,0,3,0.7533891201019287
../LTL-Synth/amba_decomposed_lock_4.tlsf,hybrid,3,0,3,1.0338599681854248
../LTL-Synth/amba_decomposed_lock_6.tlsf,linear,1,0,3,0.7892880439758301
../LTL-Synth/amba_decomposed_lock_6.tlsf,linear,2,0,3,0.8404929637908936
../LTL-Synth/amba_decomposed_lock_6.tlsf,linear,3,0,3,0.9897820949554443
../LTL-Synth/amba_decomposed_lock_6.tlsf,expo,1,0,4,0.7973589897155762
../LTL-Synth/amba_decomposed_lock_6.tlsf,expo,2,0,4,0.8504078388214111
../LTL-Synth/amba_decomposed_lock_6.tlsf,expo,4,0,4,0.9965078830718994
../LTL-Synth/amba_decomposed_lock_6.tlsf,hybrid,1,0,3,0.8053479194641113
../LTL-Synth/amba_decomposed_lock_6.tlsf,hybrid,2,0,3,0.8578429222106934
../LTL-Synth/amba_decomposed_lock_6.tlsf,hybrid,4,0,3,1.0043480396270752
../LTL-Synth/amba_decomposed_lock_6.tlsf,hybrid,3,0,3,1.4471750259399414
../LTL-Synth/amba_decomposed_lock_8.tlsf,linear,1,0,3,2.3765640258789062
../LTL-Synth/amba_decomposed_lock_8.tlsf,linear,2,0,3,2.4583420753479004
../LTL-Synth/amba_decomposed_lock_8.tlsf,linear,3,0,3,2.6877079010009766
../LTL-Synth/amba_decomposed_lock_8.tlsf,expo,1,0,4,2.3878989219665527
../LTL-Synth/amba_decomposed_lock_8.tlsf,expo,2,0,4,2.4702999591827393
../LTL-Synth/amba_decomposed_lock_8.tlsf,expo,4,0,4,2.7028369903564453
../LTL-Synth/amba_decomposed_lock_8.tlsf,hybrid,1,0,3,2.336779832839966
../LTL-Synth/amba_decomposed_lock_8.tlsf,hybrid,2,0,3,2.4186978340148926
../LTL-Synth/amba_decomposed_lock_8.tlsf,hybrid,4,0,3,2.6550889015197754
../LTL-Synth/amba_decomposed_lock_8.tlsf,hybrid,3,0,3,3.450446844100952
../LTL-Synth/amba_decomposed_shift.tlsf,linear,1,0,2,0.5918431282043457
../LTL-Synth/amba_decomposed_shift.tlsf,linear,2,0,2,0.6029620170593262
../LTL-Synth/amba_decomposed_shift.tlsf,expo,1,0,2,0.6419169902801514
../LTL-Synth/amba_decomposed_shift.tlsf,expo,2,0,2,0.653303861618042
../LTL-Synth/amba_decomposed_shift.tlsf,hybrid,1,0,2,0.6380228996276855
../LTL-Synth/amba_decomposed_shift.tlsf,hybrid,2,0,2,0.6503200531005859
../LTL-Synth/amba_decomposed_shift.tlsf,hybrid,2,0,2,0.6723549365997314
../LTL-Synth/amba_decomposed_tburst4.tlsf,linear,1,0,7,0.6587200164794922
../LTL-Synth/amba_decomposed_tburst4.tlsf,linear,2,0,7,0.6866550445556641
../LTL-Synth/amba_decomposed_tburst4.tlsf,linear,3,0,7,0.7614030838012695
../LTL-Synth/amba_decomposed_tburst4.tlsf,linear,4,0,7,0.9220659732818604
../LTL-Synth/amba_decomposed_tburst4.tlsf,linear,5,0,7,1.229835033416748
../LTL-Synth/amba_decomposed_tburst4.tlsf,linear,6,0,7,1.7400851249694824
../LTL-Synth/amba_decomposed_tburst4.tlsf,linear,7,0,7,2.5558860301971436
../LTL-Synth/amba_decomposed_tburst4.tlsf,expo,1,0,8,0.6395280361175537
../LTL-Synth/amba_decomposed_tburst4.tlsf,expo,2,0,8,0.6668679714202881
../LTL-Synth/amba_decomposed_tburst4.tlsf,expo,4,0,8,0.7392559051513672
../LTL-Synth/amba_decomposed_tburst4.tlsf,expo,8,0,8,1.0513849258422852
../LTL-Synth/amba_decomposed_tburst4.tlsf,hybrid,1,0,7,0.6820080280303955
../LTL-Synth/amba_decomposed_tburst4.tlsf,hybrid,2,0,7,0.7081429958343506
../LTL-Synth/amba_decomposed_tburst4.tlsf,hybrid,4,0,7,0.7790729999542236
../LTL-Synth/amba_decomposed_tburst4.tlsf,hybrid,8,0,7,1.068655014038086
../LTL-Synth/amba_decomposed_tburst4.tlsf,hybrid,6,0,7,2.8406879901885986
../LTL-Synth/amba_decomposed_tburst4.tlsf,hybrid,7,0,7,3.6345181465148926
../LTL-Synth/amba_decomposed_tincr.tlsf,linear,1,0,4,0.65267014503479
../LTL-Synth/amba_decomposed_tincr.tlsf,linear,2,0,4,0.6814260482788086
../LTL-Synth/amba_decomposed_tincr.tlsf,linear,3,0,4,0.7724270820617676
../LTL-Synth/amba_decomposed_tincr.tlsf,linear,4,0,4,0.9975681304931641
../LTL-Synth/amba_decomposed_tincr.tlsf,expo,1,0,4,0.659369945526123
../LTL-Synth/amba_decomposed_tincr.tlsf,expo,2,0,4,0.6875579357147217
../LTL-Synth/amba_decomposed_tincr.tlsf,expo,4,0,4,0.7871718406677246
../LTL-Synth/amba_decomposed_tincr.tlsf,hybrid,1,0,4,0.6644830703735352
../LTL-Synth/amba_decomposed_tincr.tlsf,hybrid,2,0,4,0.6973729133605957
../LTL-Synth/amba_decomposed_tincr.tlsf,hybrid,4,0,4,0.792525053024292
../LTL-Synth/amba_decomposed_tincr.tlsf,hybrid,3,0,4,1.227843999862671
../LTL-Synth/amba_decomposed_tincr.tlsf,hybrid,4,0,4,1.456521987915039
../LTL-Synth/amba_decomposed_tsingle.tlsf,linear,1,0,4,0.603477954864502
../LTL-Synth/amba_decomposed_tsingle.tlsf,linear,2,0,4,0.6250410079956055
../LTL-Synth/amba_decomposed_tsingle.tlsf,linear,3,0,4,0.6876950263977051
../LTL-Synth/amba_decomposed_tsingle.tlsf,linear,4,0,4,0.8235821723937988
../LTL-Synth/amba_decomposed_tsingle.tlsf,expo,1,0,4,0.6133480072021484
../LTL-Synth/amba_decomposed_tsingle.tlsf,expo,2,0,4,0.6361730098724365
../LTL-Synth/amba_decomposed_tsingle.tlsf,expo,4,0,4,0.7015359401702881
../LTL-Synth/amba_decomposed_tsingle.tlsf,hybrid,1,0,4,0.6290850639343262
../LTL-Synth/amba_decomposed_tsingle.tlsf,hybrid,2,0,4,0.651076078414917
../LTL-Synth/amba_decomposed_tsingle.tlsf,hybrid,4,0,4,0.7130570411682129
../LTL-Synth/amba_decomposed_tsingle.tlsf,hybrid,3,0,4,0.9667181968688965
../LTL-Synth/amba_decomposed_tsingle.tlsf,hybrid,4,0,4,1.1043601036071777
../LTL-Synth/Automata.tlsf,linear,1,0,9,9.448415040969849
../LTL-Synth/Automata.tlsf,linear,2,0,9,9.510478973388672
../LTL-Synth/Automata.tlsf,linear,3,0,9,9.734426021575928
../LTL-Synth/Automata.tlsf,linear,4,0,9,10.17516303062439
../LTL-Synth/Automata.tlsf,linear,5,0,9,10.838090896606445
../LTL-Synth/Automata.tlsf,linear,6,0,9,11.803973913192749
../LTL-Synth/Automata.tlsf,linear,7,0,9,13.084832906723022
../LTL-Synth/Automata.tlsf,linear,8,0,9,14.773422956466675
../LTL-Synth/Automata.tlsf,linear,9,0,9,16.975668907165527
../LTL-Synth/Automata.tlsf,expo,1,0,16,9.384762048721313
../LTL-Synth/Automata.tlsf,expo,2,0,16,9.44400405883789
../LTL-Synth/Automata.tlsf,expo,4,0,16,9.662870168685913
../LTL-Synth/Automata.tlsf,expo,8,0,16,10.336247205734253
../LTL-Synth/Automata.tlsf,expo,16,0,16,12.56499719619751
../LTL-Synth/Automata.tlsf,hybrid,1,0,9,9.405411958694458
../LTL-Synth/Automata.tlsf,hybrid,2,0,9,9.469403982162476
../LTL-Synth/Automata.tlsf,hybrid,4,0,9,9.69501805305481
../LTL-Synth/Automata.tlsf,hybrid,8,0,9,10.367295980453491
../LTL-Synth/Automata.tlsf,hybrid,16,0,9,12.55635404586792
../LTL-Synth/Automata.tlsf,hybrid,12,0,9,20.328938961029053
../LTL-Synth/Automata.tlsf,hybrid,10,0,9,24.636346101760864
../LTL-Synth/Automata.tlsf,hybrid,9,0,9,27.800502061843872
../LTL-Synth/button.tlsf,linear,1,0,1,0.5857980251312256
../LTL-Synth/button.tlsf,expo,1,0,1,0.6095778942108154
../LTL-Synth/button.tlsf,hybrid,1,0,1,0.6408720016479492
../LTL-Synth/button.tlsf,hybrid,1,0,1,0.6458961963653564
../LTL-Synth/collector_v1_2.tlsf,linear,1,0,3,0.6219708919525146
../LTL-Synth/collector_v1_2.tlsf,linear,2,0,3,0.6334459781646729
../LTL-Synth/collector_v1_2.tlsf,linear,3,0,3,0.6726398468017578
../LTL-Synth/collector_v1_2.tlsf,expo,1,0,4,0.6116039752960205
../LTL-Synth/collector_v1_2.tlsf,expo,2,0,4,0.6205830574035645
../LTL-Synth/collector_v1_2.tlsf,expo,4,0,4,0.6593611240386963
../LTL-Synth/collector_v1_2.tlsf,hybrid,1,0,3,0.6216387748718262
../LTL-Synth/collector_v1_2.tlsf,hybrid,2,0,3,0.6316359043121338
../LTL-Synth/collector_v1_2.tlsf,hybrid,4,0,3,0.6710708141326904
../LTL-Synth/collector_v1_2.tlsf,hybrid,3,0,3,0.7702548503875732
../LTL-Synth/collector_v1_3.tlsf,linear,1,0,7,0.6126420497894287
../LTL-Synth/collector_v1_3.tlsf,linear,2,0,7,0.6598122119903564
../LTL-Synth/collector_v1_3.tlsf,linear,3,0,7,0.7186160087585449
../LTL-Synth/collector_v1_3.tlsf,linear,4,0,7,0.844027042388916
../LTL-Synth/collector_v1_3.tlsf,linear,5,0,7,1.0944302082061768
../LTL-Synth/collector_v1_3.tlsf,linear,6,0,7,1.5290501117706299
../LTL-Synth/collector_v1_3.tlsf,linear,7,0,7,2.387113094329834
../LTL-Synth/collector_v1_3.tlsf,expo,1,0,8,0.607109785079956
../LTL-Synth/collector_v1_3.tlsf,expo,2,0,8,0.6542627811431885
../LTL-Synth/collector_v1_3.tlsf,expo,4,0,8,0.711467981338501
../LTL-Synth/collector_v1_3.tlsf,expo,8,0,8,0.9497628211975098
../LTL-Synth/collector_v1_3.tlsf,hybrid,1,0,7,0.6259739398956299
../LTL-Synth/collector_v1_3.tlsf,hybrid,2,0,7,0.6772189140319824
../LTL-Synth/collector_v1_3.tlsf,hybrid,4,0,7,0.7368819713592529
../LTL-Synth/collector_v1_3.tlsf,hybrid,8,0,7,0.9713499546051025
../LTL-Synth/collector_v1_3.tlsf,hybrid,6,0,7,2.279601812362671
../LTL-Synth/collector_v1_3.tlsf,hybrid,7,0,7,3.0627658367156982
../LTL-Synth/collector_v2_2.tlsf,linear,1,0,2,0.6328930854797363
../LTL-Synth/collector_v2_2.tlsf,linear,2,0,2,0.6626241207122803
../LTL-Synth/collector_v2_2.tlsf,expo,1,0,2,0.6671390533447266
../LTL-Synth/collector_v2_2.tlsf,expo,2,0,2,0.6901400089263916
../LTL-Synth/collector_v2_2.tlsf,hybrid,1,0,2,0.6303901672363281
../LTL-Synth/collector_v2_2.tlsf,hybrid,2,0,2,0.652644157409668
../LTL-Synth/collector_v2_2.tlsf,hybrid,2,0,2,0.7480340003967285
../LTL-Synth/collector_v2_3.tlsf,linear,1,0,3,0.626162052154541
../LTL-Synth/collector_v2_3.tlsf,linear,2,0,3,0.6738100051879883
../LTL-Synth/collector_v2_3.tlsf,linear,3,0,3,0.744549036026001
../LTL-Synth/collector_v2_3.tlsf,expo,1,0,4,0.6633579730987549
../LTL-Synth/collector_v2_3.tlsf,expo,2,0,4,0.711522102355957
../LTL-Synth/collector_v2_3.tlsf,expo,4,0,4,0.7811789512634277
../LTL-Synth/collector_v2_3.tlsf,hybrid,1,0,3,0.6764199733734131
../LTL-Synth/collector_v2_3.tlsf,hybrid,2,0,3,0.7233760356903076
../LTL-Synth/collector_v2_3.tlsf,hybrid,4,0,3,0.7896909713745117
../LTL-Synth/collector_v2_3.tlsf,hybrid,3,0,3,1.0413949489593506
../LTL-Synth/collector_v2_4.tlsf,linear,1,0,4,0.7356820106506348
../LTL-Synth/collector_v2_4.tlsf,linear,2,0,4,0.8127892017364502
../LTL-Synth/collector_v2_4.tlsf,linear,3,0,4,0.8946051597595215
../LTL-Synth/collector_v2_4.tlsf,linear,4,0,4,1.0842831134796143
../LTL-Synth/collector_v2_4.tlsf,expo,1,0,4,0.7354791164398193
../LTL-Synth/collector_v2_4.tlsf,expo,2,0,4,0.811568021774292
../LTL-Synth/collector_v2_4.tlsf,expo,4,0,4,0.8955349922180176
../LTL-Synth/collector_v2_4.tlsf,hybrid,1,0,4,0.7530510425567627
../LTL-Synth/collector_v2_4.tlsf,hybrid,2,0,4,0.8333020210266113
../LTL-Synth/collector_v2_4.tlsf,hybrid,4,0,4,0.9181890487670898
../LTL-Synth/collector_v2_4.tlsf,hybrid,3,0,4,1.2757339477539062
../LTL-Synth/collector_v2_4.tlsf,hybrid,4,0,4,1.4655001163482666
../LTL-Synth/collector_v2_7.tlsf,linear,1,0,7,22.36390209197998
../LTL-Synth/collector_v2_7.tlsf,linear,2,0,7,22.415632009506226
../LTL-Synth/collector_v2_7.tlsf,linear,3,0,7,22.674578189849854
../LTL-Synth/collector_v2_7.tlsf,linear,4,0,7,23.099009037017822
../LTL-Synth/collector_v2_7.tlsf,linear,5,0,7,23.875441074371338
../LTL-Synth/collector_v2_7.tlsf,linear,6,0,7,29.598304986953735
../LTL-Synth/collector_v2_7.tlsf,linear,7,0,7,360.4137201309204
../LTL-Synth/collector_v2_7.tlsf,expo,1,0,8,22.5190851688385
../LTL-Synth/collector_v2_7.tlsf,expo,2,0,8,22.566946029663086
../LTL-Synth/collector_v2_7.tlsf,expo,4,0,8,22.82384705543518
../LTL-Synth/collector_v2_7.tlsf,expo,8,0,8,23.612903118133545
../LTL-Synth/collector_v2_7.tlsf,hybrid,1,0,7,22.56155300140381
../LTL-Synth/collector_v2_7.tlsf,hybrid,2,0,7,22.610532999038696
../LTL-Synth/collector_v2_7.tlsf,hybrid,4,0,7,22.86055588722229
../LTL-Synth/collector_v2_7.tlsf,hybrid,8,0,7,23.650108814239502
../LTL-Synth/collector_v2_7.tlsf,hybrid,6,0,7,27.210901975631714
../LTL-Synth/collector_v2_7.tlsf,hybrid,7,0,7,460.03525495529175
../LTL-Synth/collector_v3_2.tlsf,linear,1,0,1,0.6330220699310303
../LTL-Synth/collector_v3_2.tlsf,expo,1,0,1,0.6146941184997559
../LTL-Synth/collector_v3_2.tlsf,hybrid,1,0,1,0.6280930042266846
../LTL-Synth/collector_v3_2.tlsf,hybrid,1,0,1,0.6358191967010498
../LTL-Synth/collector_v3_3.tlsf,linear,1,0,1,0.62825608253479
../LTL-Synth/collector_v3_3.tlsf,expo,1,0,1,0.6435880661010742
../LTL-Synth/collector_v3_3.tlsf,hybrid,1,0,1,0.6457087993621826
../LTL-Synth/collector_v3_3.tlsf,hybrid,1,0,1,0.6545448303222656
../LTL-Synth/collector_v3_4.tlsf,linear,1,0,1,0.7183890342712402
../LTL-Synth/collector_v3_4.tlsf,expo,1,0,1,0.735788106918335
../LTL-Synth/collector_v3_4.tlsf,hybrid,1,0,1,0.7434849739074707
../LTL-Synth/collector_v3_4.tlsf,hybrid,1,0,1,0.751446008682251
../LTL-Synth/collector_v3_5.tlsf,linear,1,0,1,1.4916579723358154
../LTL-Synth/collector_v3_5.tlsf,expo,1,0,1,1.4808740615844727
../LTL-Synth/collector_v3_5.tlsf,hybrid,1,0,1,1.4564828872680664
../LTL-Synth/collector_v3_5.tlsf,hybrid,1,0,1,1.4668338298797607
../LTL-Synth/collector_v4_2.tlsf,linear,1,0,2,0.6146140098571777
../LTL-Synth/collector_v4_2.tlsf,linear,2,0,2,0.6421298980712891
../LTL-Synth/collector_v4_2.tlsf,expo,1,0,2,0.6210899353027344
../LTL-Synth/collector_v4_2.tlsf,expo,2,0,2,0.6494789123535156
../LTL-Synth/collector_v4_2.tlsf,hybrid,1,0,2,0.6316180229187012
../LTL-Synth/collector_v4_2.tlsf,hybrid,2,0,2,0.6557579040527344
../LTL-Synth/collector_v4_2.tlsf,hybrid,2,0,2,0.7553379535675049
../LTL-Synth/collector_v4_3.tlsf,linear,1,0,3,0.6135909557342529
../LTL-Synth/collector_v4_3.tlsf,linear,2,0,3,0.6547460556030273
../LTL-Synth/collector_v4_3.tlsf,linear,3,0,3,0.7277309894561768
../LTL-Synth/collector_v4_3.tlsf,expo,1,132,4,0.6470739841461182
../LTL-Synth/collector_v4_3.tlsf,expo,2,132,4,0.6885390281677246
../LTL-Synth/collector_v4_3.tlsf,expo,4,132,4,0.7607498168945312
../LTL-Synth/collector_v4_3.tlsf,hybrid,1,0,3,0.6046838760375977
../LTL-Synth/collector_v4_3.tlsf,hybrid,2,0,3,0.6468498706817627
../LTL-Synth/collector_v4_3.tlsf,hybrid,4,0,3,0.719825029373169
../LTL-Synth/collector_v4_3.tlsf,hybrid,3,0,3,0.9785850048065186
../LTL-Synth/detector_2.tlsf,linear,1,0,2,0.6111109256744385
../LTL-Synth/detector_2.tlsf,linear,2,0,2,0.6467258930206299
../LTL-Synth/detector_2.tlsf,expo,1,0,2,0.6595921516418457
../LTL-Synth/detector_2.tlsf,expo,2,0,2,0.6951069831848145
../LTL-Synth/detector_2.tlsf,hybrid,1,0,2,0.6288559436798096
../LTL-Synth/detector_2.tlsf,hybrid,2,0,2,0.6688640117645264
../LTL-Synth/detector_2.tlsf,hybrid,2,0,2,0.7345008850097656
../LTL-Synth/detector_4.tlsf,linear,1,0,4,0.6455590724945068
../LTL-Synth/detector_4.tlsf,linear,2,0,4,0.7196950912475586
../LTL-Synth/detector_4.tlsf,linear,3,0,4,0.8375339508056641
../LTL-Synth/detector_4.tlsf,linear,4,0,4,1.1238341331481934
../LTL-Synth/detector_4.tlsf,expo,1,0,4,0.6375339031219482
../LTL-Synth/detector_4.tlsf,expo,2,0,4,0.7116429805755615
../LTL-Synth/detector_4.tlsf,expo,4,0,4,0.8243439197540283
../LTL-Synth/detector_4.tlsf,hybrid,1,0,4,0.6262569427490234
../LTL-Synth/detector_4.tlsf,hybrid,2,0,4,0.7033500671386719
../LTL-Synth/detector_4.tlsf,hybrid,4,0,4,0.826117992401123
../LTL-Synth/detector_4.tlsf,hybrid,3,0,4,1.2728149890899658
../LTL-Synth/detector_4.tlsf,hybrid,4,0,4,1.5563700199127197
../LTL-Synth/detector_6.tlsf,linear,1,0,6,0.7921640872955322
../LTL-Synth/detector_6.tlsf,linear,2,0,6,0.8451650142669678
../LTL-Synth/detector_6.tlsf,linear,3,0,6,1.143043041229248
../LTL-Synth/detector_6.tlsf,linear,4,0,6,1.5964570045471191
../LTL-Synth/detector_6.tlsf,linear,5,0,6,3.390498161315918
../LTL-Synth/detector_6.tlsf,linear,6,0,6,67.14304304122925
../LTL-Synth/detector_6.tlsf,expo,1,0,8,0.7670309543609619
../LTL-Synth/detector_6.tlsf,expo,2,0,8,0.8164200782775879
../LTL-Synth/detector_6.tlsf,expo,4,0,8,1.1106441020965576
../LTL-Synth/detector_6.tlsf,expo,8,0,8,2.7573909759521484
../LTL-Synth/detector_6.tlsf,hybrid,1,0,6,0.7580108642578125
../LTL-Synth/detector_6.tlsf,hybrid,2,0,6,0.803400993347168
../LTL-Synth/detector_6.tlsf,hybrid,4,0,6,1.0962269306182861
../LTL-Synth/detector_6.tlsf,hybrid,8,0,6,2.745682954788208
../LTL-Synth/detector_6.tlsf,hybrid,6,0,6,6.390691041946411
../LTL-Synth/detector_6.tlsf,hybrid,5,0,6,72.16760897636414
../LTL-Synth/detector_unreal_10.tlsf,linear,1,0,1,9.308172941207886
../LTL-Synth/detector_unreal_10.tlsf,expo,1,0,1,9.250764846801758
../LTL-Synth/detector_unreal_10.tlsf,hybrid,1,0,1,9.277241945266724
../LTL-Synth/detector_unreal_10.tlsf,hybrid,1,0,1,9.475069046020508
../LTL-Synth/detector_unreal_12.tlsf,linear,1,0,1,134.34505891799927
../LTL-Synth/detector_unreal_12.tlsf,expo,1,0,1,134.11514377593994
../LTL-Synth/detector_unreal_12.tlsf,hybrid,1,0,1,133.9572319984436
../LTL-Synth/detector_unreal_12.tlsf,hybrid,1,0,1,134.28117394447327
../LTL-Synth/detector_unreal_2.tlsf,linear,1,0,1,0.6052279472351074
../LTL-Synth/detector_unreal_2.tlsf,expo,1,0,1,0.6140100955963135
../LTL-Synth/detector_unreal_2.tlsf,hybrid,1,0,1,0.6335000991821289
../LTL-Synth/detector_unreal_2.tlsf,hybrid,1,0,1,0.651508092880249
../LTL-Synth/detector_unreal_4.tlsf,linear,1,0,1,0.6454050540924072
../LTL-Synth/detector_unreal_4.tlsf,expo,1,0,1,0.6495668888092041
../LTL-Synth/detector_unreal_4.tlsf,hybrid,1,0,1,0.7048499584197998
../LTL-Synth/detector_unreal_4.tlsf,hybrid,1,0,1,0.7307109832763672
../LTL-Synth/detector_unreal_6.tlsf,linear,1,0,1,1.26493501663208
../LTL-Synth/detector_unreal_6.tlsf,expo,1,0,1,1.2127139568328857
../LTL-Synth/detector_unreal_6.tlsf,hybrid,1,0,1,0.6964898109436035
../LTL-Synth/detector_unreal_6.tlsf,hybrid,1,0,1,0.7522919178009033
../LTL-Synth/detector_unreal_8.tlsf,linear,1,0,1,1.395313024520874
../LTL-Synth/detector_unreal_8.tlsf,expo,1,0,1,1.4056308269500732
../LTL-Synth/detector_unreal_8.tlsf,hybrid,1,0,1,1.3754770755767822
../LTL-Synth/detector_unreal_8.tlsf,hybrid,1,0,1,1.4783210754394531
../LTL-Synth/EnemeyModule.tlsf,linear,1,0,1,0.6066319942474365
../LTL-Synth/EnemeyModule.tlsf,expo,1,0,1,0.6206400394439697
../LTL-Synth/EnemeyModule.tlsf,hybrid,1,0,1,0.5978391170501709
../LTL-Synth/EnemeyModule.tlsf,hybrid,1,0,1,0.6032509803771973
../LTL-Synth/escalator_bidirectional_init.tlsf,linear,1,0,3,1.9700210094451904
../LTL-Synth/escalator_bidirectional_init.tlsf,linear,2,0,3,4.207636117935181
../LTL-Synth/escalator_bidirectional_init.tlsf,linear,3,0,3,10.005397081375122
../LTL-Synth/escalator_bidirectional_init.tlsf,expo,1,0,4,1.9531209468841553
../LTL-Synth/escalator_bidirectional_init.tlsf,expo,2,0,4,4.184330940246582
../LTL-Synth/escalator_bidirectional_init.tlsf,expo,4,0,4,9.890476942062378
../LTL-Synth/escalator_bidirectional_init.tlsf,hybrid,1,0,3,1.9358329772949219
../LTL-Synth/escalator_bidirectional_init.tlsf,hybrid,2,0,3,4.185483932495117
../LTL-Synth/escalator_bidirectional_init.tlsf,hybrid,4,0,3,9.146370887756348
../LTL-Synth/escalator_bidirectional_init.tlsf,hybrid,3,0,3,19.51746892929077
../LTL-Synth/escalator_bidirectional.tlsf,linear,1,0,2,1.3061120510101318
../LTL-Synth/escalator_bidirectional.tlsf,linear,2,0,2,2.5916519165039062
../LTL-Synth/escalator_bidirectional.tlsf,expo,1,0,2,1.3045480251312256
../LTL-Synth/escalator_bidirectional.tlsf,expo,2,0,2,2.5938329696655273
../LTL-Synth/escalator_bidirectional.tlsf,hybrid,1,0,2,1.3391799926757812
../LTL-Synth/escalator_bidirectional.tlsf,hybrid,2,0,2,2.6166768074035645
../LTL-Synth/escalator_bidirectional.tlsf,hybrid,2,0,2,5.9997169971466064
../LTL-Synth/escalator_counting_init.tlsf,linear,1,0,3,0.6434550285339355
../LTL-Synth/escalator_counting_init.tlsf,linear,2,0,3,0.6607110500335693
../LTL-Synth/escalator_counting_init.tlsf,linear,3,0,3,0.7371962070465088
../LTL-Synth/escalator_counting_init.tlsf,expo,1,0,4,0.6677408218383789
../LTL-Synth/escalator_counting_init.tlsf,expo,2,0,4,0.6848349571228027
../LTL-Synth/escalator_counting_init.tlsf,expo,4,0,4,0.7617487907409668
../LTL-Synth/escalator_counting_init.tlsf,hybrid,1,0,3,0.6519451141357422
../LTL-Synth/escalator_counting_init.tlsf,hybrid,2,0,3,0.6659080982208252
../LTL-Synth/escalator_counting_init.tlsf,hybrid,4,0,3,0.7426860332489014
../LTL-Synth/escalator_counting_init.tlsf,hybrid,3,0,3,0.9718151092529297
../LTL-Synth/escalator_counting.tlsf,linear,1,0,2,0.659092903137207
../LTL-Synth/escalator_counting.tlsf,linear,2,0,2,0.7092258930206299
../LTL-Synth/escalator_counting.tlsf,expo,1,0,2,0.6290512084960938
../LTL-Synth/escalator_counting.tlsf,expo,2,0,2,0.6829841136932373
../LTL-Synth/escalator_counting.tlsf,hybrid,1,0,2,0.6287941932678223
../LTL-Synth/escalator_counting.tlsf,hybrid,2,0,2,0.6811342239379883
../LTL-Synth/escalator_counting.tlsf,hybrid,2,0,2,0.7778902053833008
../LTL-Synth/escalator_non-counting.tlsf,linear,1,0,1,0.6021900177001953
../LTL-Synth/escalator_non-counting.tlsf,expo,1,0,1,0.6487720012664795
../LTL-Synth/escalator_non-counting.tlsf,hybrid,1,0,1,0.6089639663696289
../LTL-Synth/escalator_non-counting.tlsf,hybrid,1,0,1,0.6143109798431396
../LTL-Synth/escalator_smart.tlsf,linear,1,0,5,0.918179988861084
../LTL-Synth/escalator_smart.tlsf,linear,2,0,5,1.0463550090789795
../LTL-Synth/escalator_smart.tlsf,linear,3,0,5,1.557819128036499
../LTL-Synth/escalator_smart.tlsf,linear,4,0,5,2.6853599548339844
../LTL-Synth/escalator_smart.tlsf,linear,5,0,5,4.7805070877075195
../LTL-Synth/escalator_smart.tlsf,expo,1,0,8,0.9312548637390137
../LTL-Synth/escalator_smart.tlsf,expo,2,0,8,1.0470178127288818
../LTL-Synth/escalator_smart.tlsf,expo,4,0,8,1.5481958389282227
../LTL-Synth/escalator_smart.tlsf,expo,8,0,8,3.694863796234131
../LTL-Synth/escalator_smart.tlsf,hybrid,1,0,5,0.9252829551696777
../LTL-Synth/escalator_smart.tlsf,hybrid,2,0,5,1.0487890243530273
../LTL-Synth/escalator_smart.tlsf,hybrid,4,0,5,1.5552740097045898
../LTL-Synth/escalator_smart.tlsf,hybrid,8,0,5,3.7093610763549805
../LTL-Synth/escalator_smart.tlsf,hybrid,6,0,5,16.72721004486084
../LTL-Synth/escalator_smart.tlsf,hybrid,5,0,5,22.843801021575928
../LTL-Synth/full_arbiter_2.tlsf,linear,1,0,4,0.643765926361084
../LTL-Synth/full_arbiter_2.tlsf,linear,2,0,4,0.6527090072631836
../LTL-Synth/full_arbiter_2.tlsf,linear,3,0,4,0.7006070613861084
../LTL-Synth/full_arbiter_2.tlsf,linear,4,0,4,0.8176538944244385
../LTL-Synth/full_arbiter_2.tlsf,expo,1,0,4,0.645759105682373
../LTL-Synth/full_arbiter_2.tlsf,expo,2,0,4,0.6526041030883789
../LTL-Synth/full_arbiter_2.tlsf,expo,4,0,4,0.7028141021728516
../LTL-Synth/full_arbiter_2.tlsf,hybrid,1,0,4,0.620305061340332
../LTL-Synth/full_arbiter_2.tlsf,hybrid,2,0,4,0.6273200511932373
../LTL-Synth/full_arbiter_2.tlsf,hybrid,4,0,4,0.6797270774841309
../LTL-Synth/full_arbiter_2.tlsf,hybrid,3,0,4,0.8940470218658447
../LTL-Synth/full_arbiter_2.tlsf,hybrid,4,0,4,1.0154070854187012
../LTL-Synth/full_arbiter_3.tlsf,linear,1,0,8,0.8063650131225586
../LTL-Synth/full_arbiter_3.tlsf,linear,2,0,8,0.8194220066070557
../LTL-Synth/full_arbiter_3.tlsf,linear,3,0,8,0.911750078201294
../LTL-Synth/full_arbiter_3.tlsf,linear,4,0,8,1.1265990734100342
../LTL-Synth/full_arbiter_3.tlsf,linear,5,0,8,1.467501163482666
../LTL-Synth/full_arbiter_3.tlsf,linear,6,0,8,1.9989590644836426
../LTL-Synth/full_arbiter_3.tlsf,linear,7,0,8,2.700669050216675
../LTL-Synth/full_arbiter_3.tlsf,linear,8,0,8,3.7546470165252686
../LTL-Synth/full_arbiter_3.tlsf,expo,1,0,8,0.7265901565551758
../LTL-Synth/full_arbiter_3.tlsf,expo,2,0,8,0.7359709739685059
../LTL-Synth/full_arbiter_3.tlsf,expo,4,0,8,0.8226339817047119
../LTL-Synth/full_arbiter_3.tlsf,expo,8,0,8,1.1668570041656494
../LTL-Synth/full_arbiter_3.tlsf,hybrid,1,0,8,0.7312989234924316
../LTL-Synth/full_arbiter_3.tlsf,hybrid,2,0,8,0.7434251308441162
../LTL-Synth/full_arbiter_3.tlsf,hybrid,4,0,8,0.8316631317138672
../LTL-Synth/full_arbiter_3.tlsf,hybrid,8,0,8,1.187446117401123
../LTL-Synth/full_arbiter_3.tlsf,hybrid,6,0,8,2.3525431156158447
../LTL-Synth/full_arbiter_3.tlsf,hybrid,7,0,8,3.0503389835357666
../LTL-Synth/full_arbiter_3.tlsf,hybrid,8,0,8,4.118480920791626
../LTL-Synth/full_arbiter_enc_2.tlsf,linear,1,0,5,0.6684529781341553
../LTL-Synth/full_arbiter_enc_2.tlsf,linear,2,0,5,0.6778590679168701
../LTL-Synth/full_arbiter_enc_2.tlsf,linear,3,0,5,0.7470438480377197
../LTL-Synth/full_arbiter_enc_2.tlsf,linear,4,0,5,0.8608579635620117
../LTL-Synth/full_arbiter_enc_2.tlsf,linear,5,0,5,1.0548999309539795
../LTL-Synth/full_arbiter_enc_2.tlsf,expo,1,0,8,0.6366300582885742
../LTL-Synth/full_arbiter_enc_2.tlsf,expo,2,0,8,0.6445949077606201
../LTL-Synth/full_arbiter_enc_2.tlsf,expo,4,0,8,0.7102220058441162
../LTL-Synth/full_arbiter_enc_2.tlsf,expo,8,0,8,0.9121079444885254
../LTL-Synth/full_arbiter_enc_2.tlsf,hybrid,1,0,5,0.6401400566101074
../LTL-Synth/full_arbiter_enc_2.tlsf,hybrid,2,0,5,0.6495730876922607
../LTL-Synth/full_arbiter_enc_2.tlsf,hybrid,4,0,5,0.7118690013885498
../LTL-Synth/full_arbiter_enc_2.tlsf,hybrid,8,0,5,0.9094750881195068
../LTL-Synth/full_arbiter_enc_2.tlsf,hybrid,6,0,5,1.776642084121704
../LTL-Synth/full_arbiter_enc_2.tlsf,hybrid,5,0,5,2.2227141857147217
../LTL-Synth/full_arbiter_unreal1_3_2.tlsf,linear,1,0,1,0.879626989364624
../LTL-Synth/full_arbiter_unreal1_3_2.tlsf,expo,1,0,1,1.0119359493255615
../LTL-Synth/full_arbiter_unreal1_3_2.tlsf,hybrid,1,0,1,0.9673810005187988
../LTL-Synth/full_arbiter_unreal1_3_2.tlsf,hybrid,1,0,1,1.7877709865570068
../LTL-Synth/full_arbiter_unreal1_3_4.tlsf,linear,1,0,1,3.2039549350738525
../LTL-Synth/full_arbiter_unreal1_3_4.tlsf,expo,1,0,1,3.2098190784454346
../LTL-Synth/full_arbiter_unreal1_3_4.tlsf,hybrid,1,0,1,4.689229965209961
../LTL-Synth/full_arbiter_unreal1_3_4.tlsf,hybrid,1,0,1,5.5495030879974365
../LTL-Synth/full_arbiter_unreal1_3_6.tlsf,linear,1,0,1,96.58661603927612
../LTL-Synth/full_arbiter_unreal1_3_6.tlsf,expo,1,0,1,95.9851758480072
../LTL-Synth/full_arbiter_unreal1_3_6.tlsf,hybrid,1,0,1,95.76144003868103
../LTL-Synth/full_arbiter_unreal1_3_6.tlsf,hybrid,1,0,1,96.5935890674591
../LTL-Synth/GamemodeChooser.tlsf,linear,1,0,1,79.96907901763916
../LTL-Synth/GamemodeChooser.tlsf,expo,1,0,1,81.05323600769043
../LTL-Synth/GamemodeChooser.tlsf,hybrid,1,0,1,80.19226217269897
../LTL-Synth/GamemodeChooser.tlsf,hybrid,1,0,1,84.54761695861816
../LTL-Synth/Gamemodule.tlsf,linear,1,0,1,0.6154491901397705
../LTL-Synth/Gamemodule.tlsf,expo,1,0,1,0.6379361152648926
../LTL-Synth/Gamemodule.tlsf,hybrid,1,0,1,0.6295549869537354
../LTL-Synth/Gamemodule.tlsf,hybrid,1,0,1,0.6940290927886963
../LTL-Synth/genbuf2.tlsf,linear,1,0,7,13.933964967727661
../LTL-Synth/genbuf2.tlsf,linear,2,0,7,14.000777959823608
../LTL-Synth/genbuf2.tlsf,linear,3,0,7,14.248007774353027
../LTL-Synth/genbuf2.tlsf,linear,4,0,7,14.884254932403564
../LTL-Synth/genbuf2.tlsf,linear,5,0,7,15.95335578918457
../LTL-Synth/genbuf2.tlsf,linear,6,0,7,17.860036849975586
../LTL-Synth/genbuf2.tlsf,linear,7,0,7,33.86976385116577
../LTL-Synth/genbuf2.tlsf,expo,1,0,8,13.835290908813477
../LTL-Synth/genbuf2.tlsf,expo,2,0,8,13.900267839431763
../LTL-Synth/genbuf2.tlsf,expo,4,0,8,14.151263952255249
../LTL-Synth/genbuf2.tlsf,expo,8,0,8,15.2101309299469
../LTL-Synth/genbuf2.tlsf,hybrid,1,0,7,14.046194076538086
../LTL-Synth/genbuf2.tlsf,hybrid,2,0,7,14.109934091567993
../LTL-Synth/genbuf2.tlsf,hybrid,4,0,7,14.342328071594238
../LTL-Synth/genbuf2.tlsf,hybrid,8,0,7,15.391685962677002
../LTL-Synth/genbuf2.tlsf,hybrid,6,0,7,23.887753009796143
../LTL-Synth/genbuf2.tlsf,hybrid,7,0,7,36.641024112701416
../LTL-Synth/generalized_buffer_2.tlsf,linear,1,0,6,15.907272100448608
../LTL-Synth/generalized_buffer_2.tlsf,linear,2,0,6,15.988265037536621
../LTL-Synth/generalized_buffer_2.tlsf,linear,3,0,6,16.28823208808899
../LTL-Synth/generalized_buffer_2.tlsf,linear,4,0,6,17.05689311027527
../LTL-Synth/generalized_buffer_2.tlsf,linear,5,0,6,18.24536895751953
../LTL-Synth/generalized_buffer_2.tlsf,linear,6,0,6,21.739507913589478
../LTL-Synth/generalized_buffer_2.tlsf,expo,1,0,8,16.279317140579224
../LTL-Synth/generalized_buffer_2.tlsf,expo,2,0,8,16.354835987091064
../LTL-Synth/generalized_buffer_2.tlsf,expo,4,0,8,16.65557599067688
../LTL-Synth/generalized_buffer_2.tlsf,expo,8,0,8,17.86976909637451
../LTL-Synth/generalized_buffer_2.tlsf,hybrid,1,0,6,16.05764412879944
../LTL-Synth/generalized_buffer_2.tlsf,hybrid,2,0,6,16.141989946365356
../LTL-Synth/generalized_buffer_2.tlsf,hybrid,4,0,6,16.439476013183594
../LTL-Synth/generalized_buffer_2.tlsf,hybrid,8,0,6,17.633777141571045
../LTL-Synth/generalized_buffer_2.tlsf,hybrid,6,0,6,24.098241090774536
../LTL-Synth/generalized_buffer_2.tlsf,hybrid,5,0,6,27.754568099975586
../LTL-Synth/increment.tlsf,linear,1,0,1,0.6175069808959961
../LTL-Synth/increment.tlsf,expo,1,0,1,0.6205439567565918
../LTL-Synth/increment.tlsf,hybrid,1,0,1,0.6191160678863525
../LTL-Synth/increment.tlsf,hybrid,1,0,1,0.6240580081939697
../LTL-Synth/lilydemo01.tlsf,linear,1,0,1,0.6103959083557129
../LTL-Synth/lilydemo01.tlsf,expo,1,0,1,0.6314549446105957
../LTL-Synth/lilydemo01.tlsf,hybrid,1,0,1,0.641463041305542
../LTL-Synth/lilydemo01.tlsf,hybrid,1,0,1,0.6547880172729492
../LTL-Synth/lilydemo02.tlsf,linear,1,0,1,0.6035699844360352
../LTL-Synth/lilydemo02.tlsf,expo,1,0,1,0.6520030498504639
../LTL-Synth/lilydemo02.tlsf,hybrid,1,0,1,0.6430380344390869
../LTL-Synth/lilydemo02.tlsf,hybrid,1,0,1,0.6613180637359619
../LTL-Synth/lilydemo03.tlsf,linear,1,0,2,0.6176280975341797
../LTL-Synth/lilydemo03.tlsf,linear,2,0,2,0.6473939418792725
../LTL-Synth/lilydemo03.tlsf,expo,1,0,2,0.625324010848999
../LTL-Synth/lilydemo03.tlsf,expo,2,0,2,0.6611418724060059
../LTL-Synth/lilydemo03.tlsf,hybrid,1,0,2,0.6471109390258789
../LTL-Synth/lilydemo03.tlsf,hybrid,2,0,2,0.6754429340362549
../LTL-Synth/lilydemo03.tlsf,hybrid,2,0,2,0.7710020542144775
../LTL-Synth/lilydemo04.tlsf,linear,1,0,3,0.6258080005645752
../LTL-Synth/lilydemo04.tlsf,linear,2,0,3,0.6695561408996582
../LTL-Synth/lilydemo04.tlsf,linear,3,0,3,0.8543541431427002
../LTL-Synth/lilydemo04.tlsf,expo,1,0,4,0.6062822341918945
../LTL-Synth/lilydemo04.tlsf,expo,2,0,4,0.6435441970825195
../LTL-Synth/lilydemo04.tlsf,expo,4,0,4,0.809805154800415
../LTL-Synth/lilydemo04.tlsf,hybrid,1,0,3,0.6563069820404053
../LTL-Synth/lilydemo04.tlsf,hybrid,2,0,3,0.6959009170532227
../LTL-Synth/lilydemo04.tlsf,hybrid,4,0,3,0.8780899047851562
../LTL-Synth/lilydemo04.tlsf,hybrid,3,0,3,1.7107548713684082
../LTL-Synth/lilydemo05.tlsf,linear,1,0,2,0.6362199783325195
../LTL-Synth/lilydemo05.tlsf,linear,2,0,2,0.6712069511413574
../LTL-Synth/lilydemo05.tlsf,expo,1,0,2,0.6499929428100586
../LTL-Synth/lilydemo05.tlsf,expo,2,0,2,0.6880090236663818
../LTL-Synth/lilydemo05.tlsf,hybrid,1,0,2,0.6766269207000732
../LTL-Synth/lilydemo05.tlsf,hybrid,2,0,2,0.711453914642334
../LTL-Synth/lilydemo05.tlsf,hybrid,2,0,2,0.8769850730895996
../LTL-Synth/lilydemo06.tlsf,linear,1,0,3,0.612468957901001
../LTL-Synth/lilydemo06.tlsf,linear,2,0,3,0.6469218730926514
../LTL-Synth/lilydemo06.tlsf,linear,3,0,3,0.7688829898834229
../LTL-Synth/lilydemo06.tlsf,expo,1,0,4,0.6373541355133057
../LTL-Synth/lilydemo06.tlsf,expo,2,0,4,0.664276123046875
../LTL-Synth/lilydemo06.tlsf,expo,4,0,4,0.7813260555267334
../LTL-Synth/lilydemo06.tlsf,hybrid,1,0,3,0.6324348449707031
../LTL-Synth/lilydemo06.tlsf,hybrid,2,0,3,0.661931037902832
../LTL-Synth/lilydemo06.tlsf,hybrid,4,0,3,0.7766740322113037
../LTL-Synth/lilydemo06.tlsf,hybrid,3,0,3,1.1774218082427979
../LTL-Synth/lilydemo07.tlsf,linear,1,0,2,0.6124908924102783
../LTL-Synth/lilydemo07.tlsf,linear,2,0,2,0.6467888355255127
../LTL-Synth/lilydemo07.tlsf,expo,1,0,2,0.6008532047271729
../LTL-Synth/lilydemo07.tlsf,expo,2,0,2,0.6422631740570068
../LTL-Synth/lilydemo07.tlsf,hybrid,1,0,2,0.616969108581543
../LTL-Synth/lilydemo07.tlsf,hybrid,2,0,2,0.6533169746398926
../LTL-Synth/lilydemo07.tlsf,hybrid,2,0,2,0.7493760585784912
../LTL-Synth/lilydemo08.tlsf,linear,1,0,1,0.6059069633483887
../LTL-Synth/lilydemo08.tlsf,expo,1,0,1,0.5918121337890625
../LTL-Synth/lilydemo08.tlsf,hybrid,1,0,1,0.6136231422424316
../LTL-Synth/lilydemo08.tlsf,hybrid,1,0,1,0.6220121383666992
../LTL-Synth/lilydemo09.tlsf,linear,1,0,2,0.6288020610809326
../LTL-Synth/lilydemo09.tlsf,linear,2,0,2,0.6466739177703857
../LTL-Synth/lilydemo09.tlsf,expo,1,0,2,0.6164710521697998
../LTL-Synth/lilydemo09.tlsf,expo,2,0,2,0.6348340511322021
../LTL-Synth/lilydemo09.tlsf,hybrid,1,0,2,0.6058909893035889
../LTL-Synth/lilydemo09.tlsf,hybrid,2,0,2,0.6224069595336914
../LTL-Synth/lilydemo09.tlsf,hybrid,2,0,2,0.6697168350219727
../LTL-Synth/lilydemo10.tlsf,linear,1,0,1,0.6325790882110596
../LTL-Synth/lilydemo10.tlsf,expo,1,0,1,0.6302008628845215
../LTL-Synth/lilydemo10.tlsf,hybrid,1,0,1,0.6363470554351807
../LTL-Synth/lilydemo10.tlsf,hybrid,1,0,1,0.6517229080200195
../LTL-Synth/lilydemo11.tlsf,linear,1,0,1,0.6500999927520752
../LTL-Synth/lilydemo11.tlsf,expo,1,0,1,0.6279439926147461
../LTL-Synth/lilydemo11.tlsf,hybrid,1,0,1,0.6035890579223633
../LTL-Synth/lilydemo11.tlsf,hybrid,1,0,1,0.6079990863800049
../LTL-Synth/lilydemo12.tlsf,linear,1,0,1,0.6141109466552734
../LTL-Synth/lilydemo12.tlsf,expo,1,0,1,0.6499099731445312
../LTL-Synth/lilydemo12.tlsf,hybrid,1,0,1,0.6228840351104736
../LTL-Synth/lilydemo12.tlsf,hybrid,1,0,1,0.6342251300811768
../LTL-Synth/lilydemo13.tlsf,linear,1,0,1,0.5993928909301758
../LTL-Synth/lilydemo13.tlsf,expo,1,0,1,0.6260998249053955
../LTL-Synth/lilydemo13.tlsf,hybrid,1,0,1,0.5869030952453613
../LTL-Synth/lilydemo13.tlsf,hybrid,1,0,1,0.5933248996734619
../LTL-Synth/lilydemo14.tlsf,linear,1,0,2,0.624744176864624
../LTL-Synth/lilydemo14.tlsf,linear,2,0,2,0.6403851509094238
../LTL-Synth/lilydemo14.tlsf,expo,1,0,2,0.6320579051971436
../LTL-Synth/lilydemo14.tlsf,expo,2,0,2,0.6465840339660645
../LTL-Synth/lilydemo14.tlsf,hybrid,1,0,2,0.6534419059753418
../LTL-Synth/lilydemo14.tlsf,hybrid,2,0,2,0.6687028408050537
../LTL-Synth/lilydemo14.tlsf,hybrid,2,0,2,0.7168328762054443
../LTL-Synth/lilydemo15.tlsf,linear,1,0,1,0.6441049575805664
../LTL-Synth/lilydemo15.tlsf,expo,1,0,1,0.6454498767852783
../LTL-Synth/lilydemo15.tlsf,hybrid,1,0,1,0.602463960647583
../LTL-Synth/lilydemo15.tlsf,hybrid,1,0,1,0.6265008449554443
../LTL-Synth/lilydemo16.tlsf,linear,1,0,1,0.675537109375
../LTL-Synth/lilydemo16.tlsf,expo,1,0,1,0.6773369312286377
../LTL-Synth/lilydemo16.tlsf,hybrid,1,0,1,0.6173651218414307
../LTL-Synth/lilydemo16.tlsf,hybrid,1,0,1,0.6960091590881348
../LTL-Synth/lilydemo17.tlsf,linear,1,0,3,0.654649019241333
../LTL-Synth/lilydemo17.tlsf,linear,2,0,3,0.6708920001983643
../LTL-Synth/lilydemo17.tlsf,linear,3,0,3,0.7374720573425293
../LTL-Synth/lilydemo17.tlsf,expo,1,0,4,0.6464288234710693
../LTL-Synth/lilydemo17.tlsf,expo,2,0,4,0.6624588966369629
../LTL-Synth/lilydemo17.tlsf,expo,4,0,4,0.7302839756011963
../LTL-Synth/lilydemo17.tlsf,hybrid,1,0,3,0.6267800331115723
../LTL-Synth/lilydemo17.tlsf,hybrid,2,0,3,0.6469578742980957
../LTL-Synth/lilydemo17.tlsf,hybrid,4,0,3,0.7150659561157227
../LTL-Synth/lilydemo17.tlsf,hybrid,3,0,3,0.8856539726257324
../LTL-Synth/lilydemo18.tlsf,linear,1,0,4,0.929603099822998
../LTL-Synth/lilydemo18.tlsf,linear,2,0,4,0.9748930931091309
../LTL-Synth/lilydemo18.tlsf,linear,3,0,4,1.1565840244293213
../LTL-Synth/lilydemo18.tlsf,linear,4,0,4,1.4074270725250244
../LTL-Synth/lilydemo18.tlsf,expo,1,0,4,0.9460649490356445
../LTL-Synth/lilydemo18.tlsf,expo,2,0,4,0.9896469116210938
../LTL-Synth/lilydemo18.tlsf,expo,4,0,4,1.1742041110992432
../LTL-Synth/lilydemo18.tlsf,hybrid,1,0,4,0.9347658157348633
../LTL-Synth/lilydemo18.tlsf,hybrid,2,0,4,0.9783468246459961
../LTL-Synth/lilydemo18.tlsf,hybrid,4,0,4,1.1691868305206299
../LTL-Synth/lilydemo18.tlsf,hybrid,3,0,4,1.5951008796691895
../LTL-Synth/lilydemo18.tlsf,hybrid,4,0,4,1.844878911972046
../LTL-Synth/lilydemo19.tlsf,linear,1,0,2,0.6065611839294434
../LTL-Synth/lilydemo19.tlsf,linear,2,0,2,0.6321160793304443
../LTL-Synth/lilydemo19.tlsf,expo,1,0,2,0.6388399600982666
../LTL-Synth/lilydemo19.tlsf,expo,2,0,2,0.6696879863739014
../LTL-Synth/lilydemo19.tlsf,hybrid,1,0,2,0.6716969013214111
../LTL-Synth/lilydemo19.tlsf,hybrid,2,0,2,0.7017741203308105
../LTL-Synth/lilydemo19.tlsf,hybrid,2,0,2,0.7691550254821777
../LTL-Synth/lilydemo20.tlsf,linear,1,0,1,0.6319820880889893
../LTL-Synth/lilydemo20.tlsf,expo,1,0,1,0.6385860443115234
../LTL-Synth/lilydemo20.tlsf,hybrid,1,0,1,0.6703999042510986
../LTL-Synth/lilydemo20.tlsf,hybrid,1,0,1,0.7215518951416016
../LTL-Synth/lilydemo21.tlsf,linear,1,0,4,1.610990047454834
../LTL-Synth/lilydemo21.tlsf,linear,2,0,4,1.659147024154663
../LTL-Synth/lilydemo21.tlsf,linear,3,0,4,1.832226037979126
../LTL-Synth/lilydemo21.tlsf,linear,4,0,4,2.1407649517059326
../LTL-Synth/lilydemo21.tlsf,expo,1,0,4,1.6220240592956543
../LTL-Synth/lilydemo21.tlsf,expo,2,0,4,1.667673110961914
../LTL-Synth/lilydemo21.tlsf,expo,4,0,4,1.8342950344085693
../LTL-Synth/lilydemo21.tlsf,hybrid,1,0,4,1.6266930103302002
../LTL-Synth/lilydemo21.tlsf,hybrid,2,0,4,1.6741361618041992
../LTL-Synth/lilydemo21.tlsf,hybrid,4,0,4,1.836411952972412
../LTL-Synth/lilydemo21.tlsf,hybrid,3,0,4,2.3440051078796387
../LTL-Synth/lilydemo21.tlsf,hybrid,4,0,4,2.658975124359131
../LTL-Synth/lilydemo22.tlsf,linear,1,0,2,0.7042860984802246
../LTL-Synth/lilydemo22.tlsf,linear,2,0,2,0.7545101642608643
../LTL-Synth/lilydemo22.tlsf,expo,1,0,2,0.6599860191345215
../LTL-Synth/lilydemo22.tlsf,expo,2,0,2,0.710521936416626
../LTL-Synth/lilydemo22.tlsf,hybrid,1,0,2,0.6990690231323242
../LTL-Synth/lilydemo22.tlsf,hybrid,2,0,2,0.7531309127807617
../LTL-Synth/lilydemo22.tlsf,hybrid,2,0,2,0.943544864654541
../LTL-Synth/lilydemo23.tlsf,linear,1,0,2,0.651256799697876
../LTL-Synth/lilydemo23.tlsf,linear,2,0,2,0.6580820083618164
../LTL-Synth/lilydemo23.tlsf,expo,1,0,2,0.6320891380310059
../LTL-Synth/lilydemo23.tlsf,expo,2,0,2,0.6403279304504395
../LTL-Synth/lilydemo23.tlsf,hybrid,1,0,2,0.6389570236206055
../LTL-Synth/lilydemo23.tlsf,hybrid,2,0,2,0.6485061645507812
../LTL-Synth/lilydemo23.tlsf,hybrid,2,0,2,0.686852216720581
../LTL-Synth/lilydemo24.tlsf,linear,1,0,1,0.6115059852600098
../LTL-Synth/lilydemo24.tlsf,expo,1,0,1,0.648184061050415
../LTL-Synth/lilydemo24.tlsf,hybrid,1,0,1,0.6409509181976318
../LTL-Synth/lilydemo24.tlsf,hybrid,1,0,1,0.6750130653381348
../LTL-Synth/load_balancer_2.tlsf,linear,1,0,2,0.6844608783721924
../LTL-Synth/load_balancer_2.tlsf,linear,2,0,2,0.7335519790649414
../LTL-Synth/load_balancer_2.tlsf,expo,1,0,2,0.6803979873657227
../LTL-Synth/load_balancer_2.tlsf,expo,2,0,2,0.7287099361419678
../LTL-Synth/load_balancer_2.tlsf,hybrid,1,0,2,0.6484780311584473
../LTL-Synth/load_balancer_2.tlsf,hybrid,2,0,2,0.6995091438293457
../LTL-Synth/load_balancer_2.tlsf,hybrid,2,0,2,0.8126051425933838
../LTL-Synth/load_balancer_4.tlsf,linear,1,0,4,1.243628978729248
../LTL-Synth/load_balancer_4.tlsf,linear,2,0,4,1.339756965637207
../LTL-Synth/load_balancer_4.tlsf,linear,3,0,4,1.8102929592132568
../LTL-Synth/load_balancer_4.tlsf,linear,4,0,4,2.8421690464019775
../LTL-Synth/load_balancer_4.tlsf,expo,1,0,4,1.2719600200653076
../LTL-Synth/load_balancer_4.tlsf,expo,2,0,4,1.3714940547943115
../LTL-Synth/load_balancer_4.tlsf,expo,4,0,4,1.8368048667907715
../LTL-Synth/load_balancer_4.tlsf,hybrid,1,0,4,1.1978960037231445
../LTL-Synth/load_balancer_4.tlsf,hybrid,2,0,4,1.298401117324829
../LTL-Synth/load_balancer_4.tlsf,hybrid,4,0,4,1.7481310367584229
../LTL-Synth/load_balancer_4.tlsf,hybrid,3,0,4,3.6102840900421143
../LTL-Synth/load_balancer_4.tlsf,hybrid,4,0,4,4.6027891635894775
../LTL-Synth/load_balancer_6.tlsf,linear,1,0,6,42.717227935791016
../LTL-Synth/load_balancer_6.tlsf,linear,2,0,6,42.97267293930054
../LTL-Synth/load_balancer_6.tlsf,linear,3,0,6,44.22498297691345
../LTL-Synth/load_balancer_6.tlsf,linear,4,0,6,46.81530404090881
../LTL-Synth/load_balancer_6.tlsf,linear,5,0,6,51.65325212478638
../LTL-Synth/load_balancer_6.tlsf,linear,6,0,6,60.12095594406128
../LTL-Synth/load_balancer_6.tlsf,expo,1,0,8,51.271132946014404
../LTL-Synth/load_balancer_6.tlsf,expo,2,0,8,51.54005002975464
../LTL-Synth/load_balancer_6.tlsf,expo,4,0,8,52.78393793106079
../LTL-Synth/load_balancer_6.tlsf,expo,8,0,8,57.62370681762695
../LTL-Synth/load_balancer_6.tlsf,hybrid,1,0,6,41.314950942993164
../LTL-Synth/load_balancer_6.tlsf,hybrid,2,0,6,41.57887506484985
../LTL-Synth/load_balancer_6.tlsf,hybrid,4,0,6,42.850374937057495
../LTL-Synth/load_balancer_6.tlsf,hybrid,8,0,6,47.74413299560547
../LTL-Synth/load_balancer_6.tlsf,hybrid,6,0,6,75.09431004524231
../LTL-Synth/load_balancer_6.tlsf,hybrid,5,0,6,86.67988204956055
../LTL-Synth/load_balancer_unreal1_2_10.tlsf,linear,1,0,2,1.2817790508270264
../LTL-Synth/load_balancer_unreal1_2_10.tlsf,linear,2,0,2,1.3149359226226807
../LTL-Synth/load_balancer_unreal1_2_10.tlsf,expo,1,0,2,1.2839739322662354
../LTL-Synth/load_balancer_unreal1_2_10.tlsf,expo,2,0,2,1.3119890689849854
../LTL-Synth/load_balancer_unreal1_2_10.tlsf,hybrid,1,0,2,1.2750961780548096
../LTL-Synth/load_balancer_unreal1_2_10.tlsf,hybrid,2,0,2,1.30635404586792
../LTL-Synth/load_balancer_unreal1_2_10.tlsf,hybrid,2,0,2,1.3802790641784668
../LTL-Synth/load_balancer_unreal1_2_12.tlsf,linear,1,0,2,3.3523800373077393
../LTL-Synth/load_balancer_unreal1_2_12.tlsf,linear,2,0,2,3.378607988357544
../LTL-Synth/load_balancer_unreal1_2_12.tlsf,expo,1,0,2,6.760267972946167
../LTL-Synth/load_balancer_unreal1_2_12.tlsf,expo,2,0,2,6.792214870452881
../LTL-Synth/load_balancer_unreal1_2_12.tlsf,hybrid,1,0,2,6.673429012298584
../LTL-Synth/load_balancer_unreal1_2_12.tlsf,hybrid,2,0,2,6.703885078430176
../LTL-Synth/load_balancer_unreal1_2_12.tlsf,hybrid,2,0,2,6.783575057983398
../LTL-Synth/load_balancer_unreal1_2_2.tlsf,linear,1,0,2,0.6411190032958984
../LTL-Synth/load_balancer_unreal1_2_2.tlsf,linear,2,0,2,0.6764190196990967
../LTL-Synth/load_balancer_unreal1_2_2.tlsf,expo,1,0,2,0.6691460609436035
../LTL-Synth/load_balancer_unreal1_2_2.tlsf,expo,2,0,2,0.696721076965332
../LTL-Synth/load_balancer_unreal1_2_2.tlsf,hybrid,1,0,2,0.6409590244293213
../LTL-Synth/load_balancer_unreal1_2_2.tlsf,hybrid,2,0,2,0.6775670051574707
../LTL-Synth/load_balancer_unreal1_2_2.tlsf,hybrid,2,0,2,0.7533810138702393
../LTL-Synth/load_balancer_unreal1_2_4.tlsf,linear,1,0,2,0.6523380279541016
../LTL-Synth/load_balancer_unreal1_2_4.tlsf,linear,2,0,2,0.6809780597686768
../LTL-Synth/load_balancer_unreal1_2_4.tlsf,expo,1,0,2,0.6721861362457275
../LTL-Synth/load_balancer_unreal1_2_4.tlsf,expo,2,0,2,0.7018189430236816
../LTL-Synth/load_balancer_unreal1_2_4.tlsf,hybrid,1,0,2,0.6431341171264648
../LTL-Synth/load_balancer_unreal1_2_4.tlsf,hybrid,2,0,2,0.6754860877990723
../LTL-Synth/load_balancer_unreal1_2_4.tlsf,hybrid,2,0,2,0.7530999183654785
../LTL-Synth/load_balancer_unreal1_2_6.tlsf,linear,1,0,2,0.7067711353302002
../LTL-Synth/load_balancer_unreal1_2_6.tlsf,linear,2,0,2,0.7384660243988037
../LTL-Synth/load_balancer_unreal1_2_6.tlsf,expo,1,0,2,0.733069896697998
../LTL-Synth/load_balancer_unreal1_2_6.tlsf,expo,2,0,2,0.7706198692321777
../LTL-Synth/load_balancer_unreal1_2_6.tlsf,hybrid,1,0,2,0.747302770614624
../LTL-Synth/load_balancer_unreal1_2_6.tlsf,hybrid,2,0,2,0.7786099910736084
../LTL-Synth/load_balancer_unreal1_2_6.tlsf,hybrid,2,0,2,0.8553879261016846
../LTL-Synth/load_balancer_unreal1_2_8.tlsf,linear,1,0,2,0.7854650020599365
../LTL-Synth/load_balancer_unreal1_2_8.tlsf,linear,2,0,2,0.8171830177307129
../LTL-Synth/load_balancer_unreal1_2_8.tlsf,expo,1,0,2,0.7793638706207275
../LTL-Synth/load_balancer_unreal1_2_8.tlsf,expo,2,0,2,0.8088119029998779
../LTL-Synth/load_balancer_unreal1_2_8.tlsf,hybrid,1,0,2,0.756181001663208
../LTL-Synth/load_balancer_unreal1_2_8.tlsf,hybrid,2,0,2,0.7851340770721436
../LTL-Synth/load_balancer_unreal1_2_8.tlsf,hybrid,2,0,2,0.8658781051635742
../LTL-Synth/loadcomp2.tlsf,linear,1,0,1,0.6276068687438965
../LTL-Synth/loadcomp2.tlsf,expo,1,0,1,0.6424009799957275
../LTL-Synth/loadcomp2.tlsf,hybrid,1,0,1,0.646888017654419
../LTL-Synth/loadcomp2.tlsf,hybrid,1,0,1,0.6923182010650635
../LTL-Synth/loadcomp3.tlsf,linear,1,0,2,0.717756986618042
../LTL-Synth/loadcomp3.tlsf,linear,2,0,2,0.8080580234527588
../LTL-Synth/loadcomp3.tlsf,expo,1,0,2,0.7152729034423828
../LTL-Synth/loadcomp3.tlsf,expo,2,0,2,0.8114359378814697
../LTL-Synth/loadcomp3.tlsf,hybrid,1,0,2,0.6783740520477295
../LTL-Synth/loadcomp3.tlsf,hybrid,2,0,2,0.7723240852355957
../LTL-Synth/loadcomp3.tlsf,hybrid,2,0,2,1.153097152709961
../LTL-Synth/loadcomp4.tlsf,linear,1,0,3,2.1564338207244873
../LTL-Synth/loadcomp4.tlsf,linear,2,0,3,2.410165786743164
../LTL-Synth/loadcomp4.tlsf,linear,3,0,3,3.7063748836517334
../LTL-Synth/loadcomp4.tlsf,expo,1,0,4,2.617375135421753
../LTL-Synth/loadcomp4.tlsf,expo,2,0,4,2.871005058288574
../LTL-Synth/loadcomp4.tlsf,expo,4,0,4,4.1328229904174805
../LTL-Synth/loadcomp4.tlsf,hybrid,1,0,3,1.8528079986572266
../LTL-Synth/loadcomp4.tlsf,hybrid,2,0,3,2.091568946838379
../LTL-Synth/loadcomp4.tlsf,hybrid,4,0,3,3.3782360553741455
../LTL-Synth/loadcomp4.tlsf,hybrid,3,0,3,8.894346952438354
../LTL-Synth/loadcomp5.tlsf,linear,1,0,4,17.09786081314087
../LTL-Synth/loadcomp5.tlsf,linear,2,0,4,17.65743088722229
../LTL-Synth/loadcomp5.tlsf,linear,3,0,4,20.424201011657715
../LTL-Synth/loadcomp5.tlsf,linear,4,0,4,27.002918004989624
../LTL-Synth/loadcomp5.tlsf,expo,1,0,4,15.534746170043945
../LTL-Synth/loadcomp5.tlsf,expo,2,0,4,16.0747971534729
../LTL-Synth/loadcomp5.tlsf,expo,4,0,4,18.784096002578735
../LTL-Synth/loadcomp5.tlsf,hybrid,1,0,4,19.896044969558716
../LTL-Synth/loadcomp5.tlsf,hybrid,2,0,4,20.422796964645386
../LTL-Synth/loadcomp5.tlsf,hybrid,4,0,4,23.09943199157715
../LTL-Synth/loadcomp5.tlsf,hybrid,3,0,4,36.73350691795349
../LTL-Synth/loadcomp5.tlsf,hybrid,4,0,4,43.385643005371094
../LTL-Synth/loadfull2.tlsf,linear,1,0,2,0.6393899917602539
../LTL-Synth/loadfull2.tlsf,linear,2,0,2,0.67116379737854
../LTL-Synth/loadfull2.tlsf,expo,1,0,2,0.6474080085754395
../LTL-Synth/loadfull2.tlsf,expo,2,0,2,0.688770055770874
../LTL-Synth/loadfull2.tlsf,hybrid,1,0,2,0.6005458831787109
../LTL-Synth/loadfull2.tlsf,hybrid,2,0,2,0.6335599422454834
../LTL-Synth/loadfull2.tlsf,hybrid,2,0,2,0.7245290279388428
../LTL-Synth/loadfull3.tlsf,linear,1,0,3,0.7649960517883301
../LTL-Synth/loadfull3.tlsf,linear,2,0,3,0.8438830375671387
../LTL-Synth/loadfull3.tlsf,linear,3,0,3,1.0418500900268555
../LTL-Synth/loadfull3.tlsf,expo,1,0,4,0.7689669132232666
../LTL-Synth/loadfull3.tlsf,expo,2,0,4,0.838062047958374
../LTL-Synth/loadfull3.tlsf,expo,4,0,4,1.0177559852600098
../LTL-Synth/loadfull3.tlsf,hybrid,1,0,3,0.7568609714508057
../LTL-Synth/loadfull3.tlsf,hybrid,2,0,3,0.8343589305877686
../LTL-Synth/loadfull3.tlsf,hybrid,4,0,3,1.018301010131836
../LTL-Synth/loadfull3.tlsf,hybrid,3,0,3,1.8781659603118896
../LTL-Synth/loadfull4.tlsf,linear,1,0,4,1.4976441860198975
../LTL-Synth/loadfull4.tlsf,linear,2,0,4,1.5822501182556152
../LTL-Synth/loadfull4.tlsf,linear,3,0,4,2.020036220550537
../LTL-Synth/loadfull4.tlsf,linear,4,0,4,2.9968080520629883
../LTL-Synth/loadfull4.tlsf,expo,1,0,4,1.5121140480041504
../LTL-Synth/loadfull4.tlsf,expo,2,0,4,1.6004459857940674
../LTL-Synth/loadfull4.tlsf,expo,4,0,4,2.0552220344543457
../LTL-Synth/loadfull4.tlsf,hybrid,1,0,4,1.4628758430480957
../LTL-Synth/loadfull4.tlsf,hybrid,2,0,4,1.5463838577270508
../LTL-Synth/loadfull4.tlsf,hybrid,4,0,4,2.0023019313812256
../LTL-Synth/loadfull4.tlsf,hybrid,3,0,4,3.7713778018951416
../LTL-Synth/loadfull4.tlsf,hybrid,4,0,4,4.7282538414001465
../LTL-Synth/loadfull5.tlsf,linear,1,0,5,9.302582025527954
../LTL-Synth/loadfull5.tlsf,linear,2,0,5,9.452343940734863
../LTL-Synth/loadfull5.tlsf,linear,3,0,5,10.225734949111938
../LTL-Synth/loadfull5.tlsf,linear,4,0,5,11.863427877426147
../LTL-Synth/loadfull5.tlsf,linear,5,0,5,14.854880809783936
../LTL-Synth/loadfull5.tlsf,expo,1,0,8,9.947354078292847
../LTL-Synth/loadfull5.tlsf,expo,2,0,8,10.090929985046387
../LTL-Synth/loadfull5.tlsf,expo,4,0,8,10.81611704826355
../LTL-Synth/loadfull5.tlsf,expo,8,0,8,13.750830888748169
../LTL-Synth/loadfull5.tlsf,hybrid,1,0,5,8.82399606704712
../LTL-Synth/loadfull5.tlsf,hybrid,2,0,5,8.96151614189148
../LTL-Synth/loadfull5.tlsf,hybrid,4,0,5,9.739057064056396
../LTL-Synth/loadfull5.tlsf,hybrid,8,0,5,12.667221069335938
../LTL-Synth/loadfull5.tlsf,hybrid,6,0,5,28.483185052871704
../LTL-Synth/loadfull5.tlsf,hybrid,5,0,5,36.06710910797119
../LTL-Synth/ltl2dba01.tlsf,linear,1,0,3,0.6439568996429443
../LTL-Synth/ltl2dba01.tlsf,linear,2,0,3,0.6642529964447021
../LTL-Synth/ltl2dba01.tlsf,linear,3,0,3,0.7260558605194092
../LTL-Synth/ltl2dba01.tlsf,expo,1,0,4,0.6325898170471191
../LTL-Synth/ltl2dba01.tlsf,expo,2,0,4,0.6486220359802246
../LTL-Synth/ltl2dba01.tlsf,expo,4,0,4,0.705502986907959
../LTL-Synth/ltl2dba01.tlsf,hybrid,1,0,3,0.634768009185791
../LTL-Synth/ltl2dba01.tlsf,hybrid,2,0,3,0.6508297920227051
../LTL-Synth/ltl2dba01.tlsf,hybrid,4,0,3,0.7080299854278564
../LTL-Synth/ltl2dba01.tlsf,hybrid,3,0,3,0.9404528141021729
../LTL-Synth/ltl2dba03.tlsf,linear,1,0,4,0.637408971786499
../LTL-Synth/ltl2dba03.tlsf,linear,2,0,4,0.6588521003723145
../LTL-Synth/ltl2dba03.tlsf,linear,3,0,4,0.7416269779205322
../LTL-Synth/ltl2dba03.tlsf,linear,4,0,4,0.9003169536590576
../LTL-Synth/ltl2dba03.tlsf,expo,1,0,4,0.642225980758667
../LTL-Synth/ltl2dba03.tlsf,expo,2,0,4,0.6556470394134521
../LTL-Synth/ltl2dba03.tlsf,expo,4,0,4,0.7396299839019775
../LTL-Synth/ltl2dba03.tlsf,hybrid,1,0,4,0.632993221282959
../LTL-Synth/ltl2dba03.tlsf,hybrid,2,0,4,0.6517961025238037
../LTL-Synth/ltl2dba03.tlsf,hybrid,4,0,4,0.7292280197143555
../LTL-Synth/ltl2dba03.tlsf,hybrid,3,0,4,1.0242810249328613
../LTL-Synth/ltl2dba03.tlsf,hybrid,4,0,4,1.1826021671295166
../LTL-Synth/ltl2dba04.tlsf,linear,1,0,3,0.6437618732452393
../LTL-Synth/ltl2dba04.tlsf,linear,2,0,3,0.687708854675293
../LTL-Synth/ltl2dba04.tlsf,linear,3,0,3,0.790773868560791
../LTL-Synth/ltl2dba04.tlsf,expo,1,0,4,0.6278541088104248
../LTL-Synth/ltl2dba04.tlsf,expo,2,0,4,0.6690061092376709
../LTL-Synth/ltl2dba04.tlsf,expo,4,0,4,0.7693719863891602
../LTL-Synth/ltl2dba04.tlsf,hybrid,1,0,3,0.6088318824768066
../LTL-Synth/ltl2dba04.tlsf,hybrid,2,0,3,0.6500630378723145
../LTL-Synth/ltl2dba04.tlsf,hybrid,4,0,3,0.758065938949585
../LTL-Synth/ltl2dba04.tlsf,hybrid,3,0,3,1.0451059341430664
../LTL-Synth/ltl2dba05.tlsf,linear,1,0,5,0.6480140686035156
../LTL-Synth/ltl2dba05.tlsf,linear,2,0,5,0.6618778705596924
../LTL-Synth/ltl2dba05.tlsf,linear,3,0,5,0.7843189239501953
../LTL-Synth/ltl2dba05.tlsf,linear,4,0,5,1.0732760429382324
../LTL-Synth/ltl2dba05.tlsf,linear,5,0,5,1.626051902770996
../LTL-Synth/ltl2dba05.tlsf,expo,1,0,8,0.6209440231323242
../LTL-Synth/ltl2dba05.tlsf,expo,2,0,8,0.6361899375915527
../LTL-Synth/ltl2dba05.tlsf,expo,4,0,8,0.7569530010223389
../LTL-Synth/ltl2dba05.tlsf,expo,8,0,8,1.3179090023040771
../LTL-Synth/ltl2dba05.tlsf,hybrid,1,0,5,0.6405761241912842
../LTL-Synth/ltl2dba05.tlsf,hybrid,2,0,5,0.6594069004058838
../LTL-Synth/ltl2dba05.tlsf,hybrid,4,0,5,0.780189037322998
../LTL-Synth/ltl2dba05.tlsf,hybrid,8,0,5,1.3306870460510254
../LTL-Synth/ltl2dba05.tlsf,hybrid,6,0,5,3.666053056716919
../LTL-Synth/ltl2dba05.tlsf,hybrid,5,0,5,5.003803968429565
../LTL-Synth/ltl2dba06.tlsf,linear,1,0,5,0.6644048690795898
../LTL-Synth/ltl2dba06.tlsf,linear,2,0,5,0.6763708591461182
../LTL-Synth/ltl2dba06.tlsf,linear,3,0,5,0.8234658241271973
../LTL-Synth/ltl2dba06.tlsf,linear,4,0,5,1.0539538860321045
../LTL-Synth/ltl2dba06.tlsf,linear,5,0,5,1.3991689682006836
../LTL-Synth/ltl2dba06.tlsf,expo,1,0,8,0.6594979763031006
../LTL-Synth/ltl2dba06.tlsf,expo,2,0,8,0.6750738620758057
../LTL-Synth/ltl2dba06.tlsf,expo,4,0,8,0.816774845123291
../LTL-Synth/ltl2dba06.tlsf,expo,8,0,8,1.164119005203247
../LTL-Synth/ltl2dba06.tlsf,hybrid,1,0,5,0.6416079998016357
../LTL-Synth/ltl2dba06.tlsf,hybrid,2,0,5,0.6536571979522705
../LTL-Synth/ltl2dba06.tlsf,hybrid,4,0,5,0.793755054473877
../LTL-Synth/ltl2dba06.tlsf,hybrid,8,0,5,1.1478312015533447
../LTL-Synth/ltl2dba06.tlsf,hybrid,6,0,5,2.3308651447296143
../LTL-Synth/ltl2dba06.tlsf,hybrid,5,0,5,2.937817096710205
../LTL-Synth/ltl2dba07.tlsf,linear,1,0,9,0.7362229824066162
../LTL-Synth/ltl2dba07.tlsf,linear,2,0,9,0.7837491035461426
../LTL-Synth/ltl2dba07.tlsf,linear,3,0,9,1.0537350177764893
../LTL-Synth/ltl2dba07.tlsf,linear,4,0,9,1.4785850048065186
../LTL-Synth/ltl2dba07.tlsf,linear,5,0,9,2.193218946456909
../LTL-Synth/ltl2dba07.tlsf,linear,6,0,9,3.3451759815216064
../LTL-Synth/ltl2dba07.tlsf,linear,7,0,9,5.168329954147339
../LTL-Synth/ltl2dba07.tlsf,linear,8,0,9,11.961915016174316
../LTL-Synth/ltl2dba07.tlsf,linear,9,0,9,113.22468400001526
../LTL-Synth/ltl2dba07.tlsf,expo,1,0,16,0.7239861488342285
../LTL-Synth/ltl2dba07.tlsf,expo,2,0,16,0.774925947189331
../LTL-Synth/ltl2dba07.tlsf,expo,4,0,16,1.0417580604553223
../LTL-Synth/ltl2dba07.tlsf,expo,8,0,16,1.7739160060882568
../LTL-Synth/ltl2dba07.tlsf,expo,16,0,16,41.317156076431274
../LTL-Synth/ltl2dba07.tlsf,hybrid,1,0,9,0.713735818862915
../LTL-Synth/ltl2dba07.tlsf,hybrid,2,0,9,0.7659599781036377
../LTL-Synth/ltl2dba07.tlsf,hybrid,4,0,9,1.0427238941192627
../LTL-Synth/ltl2dba07.tlsf,hybrid,8,0,9,1.77510404586792
../LTL-Synth/ltl2dba07.tlsf,hybrid,16,0,9,154.65347504615784
../LTL-Synth/ltl2dba07.tlsf,hybrid,12,0,9,189.47847485542297
../LTL-Synth/ltl2dba07.tlsf,hybrid,10,0,9,202.3902850151062
../LTL-Synth/ltl2dba07.tlsf,hybrid,9,0,9,209.66257691383362
../LTL-Synth/ltl2dba08.tlsf,linear,1,0,5,0.688866138458252
../LTL-Synth/ltl2dba08.tlsf,linear,2,0,5,0.7489430904388428
../LTL-Synth/ltl2dba08.tlsf,linear,3,0,5,0.9556801319122314
../LTL-Synth/ltl2dba08.tlsf,linear,4,0,5,1.3720271587371826
../LTL-Synth/ltl2dba08.tlsf,linear,5,0,5,2.6560850143432617
../LTL-Synth/ltl2dba08.tlsf,expo,1,0,8,0.6469640731811523
../LTL-Synth/ltl2dba08.tlsf,expo,2,0,8,0.7085959911346436
../LTL-Synth/ltl2dba08.tlsf,expo,4,0,8,0.9135220050811768
../LTL-Synth/ltl2dba08.tlsf,expo,8,0,8,2.289645195007324
../LTL-Synth/ltl2dba08.tlsf,hybrid,1,0,5,0.6755151748657227
../LTL-Synth/ltl2dba08.tlsf,hybrid,2,0,5,0.7388060092926025
../LTL-Synth/ltl2dba08.tlsf,hybrid,4,0,5,0.9412341117858887
../LTL-Synth/ltl2dba08.tlsf,hybrid,8,0,5,2.280255079269409
../LTL-Synth/ltl2dba08.tlsf,hybrid,6,0,5,4.92352819442749
../LTL-Synth/ltl2dba08.tlsf,hybrid,5,0,5,6.275699138641357
../LTL-Synth/ltl2dba09.tlsf,linear,1,0,1,0.6020619869232178
../LTL-Synth/ltl2dba09.tlsf,expo,1,0,1,0.6024439334869385
../LTL-Synth/ltl2dba09.tlsf,hybrid,1,0,1,0.6472558975219727
../LTL-Synth/ltl2dba09.tlsf,hybrid,1,0,1,0.6882119178771973
../LTL-Synth/ltl2dba10.tlsf,linear,1,0,2,0.6155200004577637
../LTL-Synth/ltl2dba10.tlsf,linear,2,0,2,0.6472220420837402
../LTL-Synth/ltl2dba10.tlsf,expo,1,0,2,0.625817060470581
../LTL-Synth/ltl2dba10.tlsf,expo,2,0,2,0.6520941257476807
../LTL-Synth/ltl2dba10.tlsf,hybrid,1,0,2,0.5987780094146729
../LTL-Synth/ltl2dba10.tlsf,hybrid,2,0,2,0.625917911529541
../LTL-Synth/ltl2dba10.tlsf,hybrid,2,0,2,0.7022860050201416
../LTL-Synth/ltl2dba11.tlsf,linear,1,0,1,0.6075499057769775
../LTL-Synth/ltl2dba11.tlsf,expo,1,0,1,0.6312339305877686
../LTL-Synth/ltl2dba11.tlsf,hybrid,1,0,1,0.6288919448852539
../LTL-Synth/ltl2dba11.tlsf,hybrid,1,0,1,0.6468820571899414
../LTL-Synth/ltl2dba12.tlsf,linear,1,0,4,0.6070880889892578
../LTL-Synth/ltl2dba12.tlsf,linear,2,0,4,0.6474339962005615
../LTL-Synth/ltl2dba12.tlsf,linear,3,0,4,0.7243750095367432
../LTL-Synth/ltl2dba12.tlsf,linear,4,0,4,0.8771519660949707
../LTL-Synth/ltl2dba12.tlsf,expo,1,0,4,0.6140317916870117
../LTL-Synth/ltl2dba12.tlsf,expo,2,0,4,0.6502699851989746
../LTL-Synth/ltl2dba12.tlsf,expo,4,0,4,0.7282059192657471
../LTL-Synth/ltl2dba12.tlsf,hybrid,1,0,4,0.6437249183654785
../LTL-Synth/ltl2dba12.tlsf,hybrid,2,0,4,0.6808009147644043
../LTL-Synth/ltl2dba12.tlsf,hybrid,4,0,4,0.7589609622955322
../LTL-Synth/ltl2dba12.tlsf,hybrid,3,0,4,1.023324966430664
../LTL-Synth/ltl2dba12.tlsf,hybrid,4,0,4,1.1747679710388184
../LTL-Synth/ltl2dba13.tlsf,linear,1,0,2,0.5896739959716797
../LTL-Synth/ltl2dba13.tlsf,linear,2,0,2,0.608273983001709
../LTL-Synth/ltl2dba13.tlsf,expo,1,0,2,0.6287930011749268
../LTL-Synth/ltl2dba13.tlsf,expo,2,0,2,0.6537089347839355
../LTL-Synth/ltl2dba13.tlsf,hybrid,1,0,2,0.6307129859924316
../LTL-Synth/ltl2dba13.tlsf,hybrid,2,0,2,0.6553821563720703
../LTL-Synth/ltl2dba13.tlsf,hybrid,2,0,2,0.7510590553283691
../LTL-Synth/ltl2dba14.tlsf,linear,1,0,3,0.6102418899536133
../LTL-Synth/ltl2dba14.tlsf,linear,2,0,3,0.6499559879302979
../LTL-Synth/ltl2dba14.tlsf,linear,3,0,3,0.7411470413208008
../LTL-Synth/ltl2dba14.tlsf,expo,1,132,4,0.6061751842498779
../LTL-Synth/ltl2dba14.tlsf,expo,2,132,4,0.6416921615600586
../LTL-Synth/ltl2dba14.tlsf,expo,4,132,4,0.7360231876373291
../LTL-Synth/ltl2dba14.tlsf,hybrid,1,0,3,0.6511449813842773
../LTL-Synth/ltl2dba14.tlsf,hybrid,2,0,3,0.6906650066375732
../LTL-Synth/ltl2dba14.tlsf,hybrid,4,0,3,0.7838559150695801
../LTL-Synth/ltl2dba14.tlsf,hybrid,3,0,3,1.035585880279541
../LTL-Synth/ltl2dba15.tlsf,linear,1,0,1,0.6112618446350098
../LTL-Synth/ltl2dba15.tlsf,expo,1,0,1,0.6512289047241211
../LTL-Synth/ltl2dba15.tlsf,hybrid,1,0,1,0.5966207981109619
../LTL-Synth/ltl2dba15.tlsf,hybrid,1,0,1,0.626518964767456
../LTL-Synth/ltl2dba16.tlsf,linear,1,0,3,0.6305170059204102
../LTL-Synth/ltl2dba16.tlsf,linear,2,0,3,0.659142017364502
../LTL-Synth/ltl2dba16.tlsf,linear,3,0,3,0.7307159900665283
../LTL-Synth/ltl2dba16.tlsf,expo,1,0,4,0.6211199760437012
../LTL-Synth/ltl2dba16.tlsf,expo,2,0,4,0.6461448669433594
../LTL-Synth/ltl2dba16.tlsf,expo,4,0,4,0.7172379493713379
../LTL-Synth/ltl2dba16.tlsf,hybrid,1,0,3,0.6221308708190918
../LTL-Synth/ltl2dba16.tlsf,hybrid,2,0,3,0.6450889110565186
../LTL-Synth/ltl2dba16.tlsf,hybrid,4,0,3,0.722463846206665
../LTL-Synth/ltl2dba16.tlsf,hybrid,3,0,3,1.0138030052185059
../LTL-Synth/ltl2dba17.tlsf,linear,1,0,4,0.6140501499176025
../LTL-Synth/ltl2dba17.tlsf,linear,2,0,4,0.6402039527893066
../LTL-Synth/ltl2dba17.tlsf,linear,3,0,4,0.7428569793701172
../LTL-Synth/ltl2dba17.tlsf,linear,4,0,4,0.9629600048065186
../LTL-Synth/ltl2dba17.tlsf,expo,1,0,4,0.6479620933532715
../LTL-Synth/ltl2dba17.tlsf,expo,2,0,4,0.6730740070343018
../LTL-Synth/ltl2dba17.tlsf,expo,4,0,4,0.7764739990234375
../LTL-Synth/ltl2dba17.tlsf,hybrid,1,0,4,0.6417372226715088
../LTL-Synth/ltl2dba17.tlsf,hybrid,2,0,4,0.6723542213439941
../LTL-Synth/ltl2dba17.tlsf,hybrid,4,0,4,0.7724370956420898
../LTL-Synth/ltl2dba17.tlsf,hybrid,3,0,4,1.1998522281646729
../LTL-Synth/ltl2dba17.tlsf,hybrid,4,0,4,1.4230701923370361
../LTL-Synth/ltl2dba18.tlsf,linear,1,0,4,0.6503779888153076
../LTL-Synth/ltl2dba18.tlsf,linear,2,0,4,0.6937720775604248
../LTL-Synth/ltl2dba18.tlsf,linear,3,0,4,0.7967109680175781
../LTL-Synth/ltl2dba18.tlsf,linear,4,0,4,1.0277140140533447
../LTL-Synth/ltl2dba18.tlsf,expo,1,0,4,0.6777210235595703
../LTL-Synth/ltl2dba18.tlsf,expo,2,0,4,0.7210018634796143
../LTL-Synth/ltl2dba18.tlsf,expo,4,0,4,0.827315092086792
../LTL-Synth/ltl2dba18.tlsf,hybrid,1,0,4,0.6711251735687256
../LTL-Synth/ltl2dba18.tlsf,hybrid,2,0,4,0.7191140651702881
../LTL-Synth/ltl2dba18.tlsf,hybrid,4,0,4,0.8272161483764648
../LTL-Synth/ltl2dba18.tlsf,hybrid,3,0,4,1.2663030624389648
../LTL-Synth/ltl2dba18.tlsf,hybrid,4,0,4,1.506864070892334
../LTL-Synth/ltl2dba19.tlsf,linear,1,0,9,0.6500577926635742
../LTL-Synth/ltl2dba19.tlsf,linear,2,0,9,0.6803689002990723
../LTL-Synth/ltl2dba19.tlsf,linear,3,0,9,0.7599778175354004
../LTL-Synth/ltl2dba19.tlsf,linear,4,0,9,0.9351208209991455
../LTL-Synth/ltl2dba19.tlsf,linear,5,0,9,1.276169776916504
../LTL-Synth/ltl2dba19.tlsf,linear,6,0,9,1.9032378196716309
../LTL-Synth/ltl2dba19.tlsf,linear,7,0,9,3.205037832260132
../LTL-Synth/ltl2dba19.tlsf,linear,8,0,9,17.53839683532715
../LTL-Synth/ltl2dba19.tlsf,linear,9,0,9,103.91466689109802
../LTL-Synth/ltl2dba19.tlsf,expo,1,0,16,0.6234350204467773
../LTL-Synth/ltl2dba19.tlsf,expo,2,0,16,0.6573281288146973
../LTL-Synth/ltl2dba19.tlsf,expo,4,0,16,0.7425200939178467
../LTL-Synth/ltl2dba19.tlsf,expo,8,0,16,1.07169508934021
../LTL-Synth/ltl2dba19.tlsf,expo,16,0,16,91.61065912246704
../LTL-Synth/ltl2dba19.tlsf,hybrid,1,0,9,0.6807558536529541
../LTL-Synth/ltl2dba19.tlsf,hybrid,2,0,9,0.7079808712005615
../LTL-Synth/ltl2dba19.tlsf,hybrid,4,0,9,0.791018009185791
../LTL-Synth/ltl2dba19.tlsf,hybrid,8,0,9,1.1267969608306885
../LTL-Synth/ltl2dba19.tlsf,hybrid,16,0,9,90.0817379951477
../LTL-Synth/ltl2dba19.tlsf,hybrid,12,0,9,103.02628779411316
../LTL-Synth/ltl2dba19.tlsf,hybrid,10,0,9,108.95433592796326
../LTL-Synth/ltl2dba19.tlsf,hybrid,9,0,9,112.34452986717224
../LTL-Synth/ltl2dba20.tlsf,linear,1,0,5,0.6474399566650391
../LTL-Synth/ltl2dba20.tlsf,linear,2,0,5,0.6884438991546631
../LTL-Synth/ltl2dba20.tlsf,linear,3,0,5,0.8434128761291504
../LTL-Synth/ltl2dba20.tlsf,linear,4,0,5,1.186434030532837
../LTL-Synth/ltl2dba20.tlsf,linear,5,0,5,1.861940860748291
../LTL-Synth/ltl2dba20.tlsf,expo,1,0,8,0.6557509899139404
../LTL-Synth/ltl2dba20.tlsf,expo,2,0,8,0.7017290592193604
../LTL-Synth/ltl2dba20.tlsf,expo,4,0,8,0.8587708473205566
../LTL-Synth/ltl2dba20.tlsf,expo,8,0,8,1.544914960861206
../LTL-Synth/ltl2dba20.tlsf,hybrid,1,0,5,0.6525561809539795
../LTL-Synth/ltl2dba20.tlsf,hybrid,2,0,5,0.6975982189178467
../LTL-Synth/ltl2dba20.tlsf,hybrid,4,0,5,0.8497331142425537
../LTL-Synth/ltl2dba20.tlsf,hybrid,8,0,5,1.5452311038970947
../LTL-Synth/ltl2dba20.tlsf,hybrid,6,0,5,4.906409025192261
../LTL-Synth/ltl2dba20.tlsf,hybrid,5,0,5,6.731550216674805
../LTL-Synth/ltl2dba21.tlsf,linear,1,0,8,0.7738549709320068
../LTL-Synth/ltl2dba21.tlsf,linear,2,0,8,0.8614659309387207
../LTL-Synth/ltl2dba21.tlsf,linear,3,0,8,1.2753159999847412
../LTL-Synth/ltl2dba21.tlsf,linear,4,0,8,2.2687480449676514
../LTL-Synth/ltl2dba21.tlsf,linear,5,0,8,4.331310987472534
../LTL-Synth/ltl2dba21.tlsf,linear,6,0,8,8.583935022354126
../LTL-Synth/ltl2dba21.tlsf,linear,7,0,8,46.595839977264404
../LTL-Synth/ltl2dba21.tlsf,linear,8,0,8,553.6903529167175
../LTL-Synth/ltl2dba21.tlsf,expo,1,0,8,0.8341009616851807
../LTL-Synth/ltl2dba21.tlsf,expo,2,0,8,0.9256060123443604
../LTL-Synth/ltl2dba21.tlsf,expo,4,0,8,1.3103580474853516
../LTL-Synth/ltl2dba21.tlsf,expo,8,0,8,3.4103810787200928
../LTL-Synth/ltl2dba21.tlsf,hybrid,1,0,8,0.7943260669708252
../LTL-Synth/ltl2dba21.tlsf,hybrid,2,0,8,0.8782851696014404
../LTL-Synth/ltl2dba21.tlsf,hybrid,4,0,8,1.2880051136016846
../LTL-Synth/ltl2dba21.tlsf,hybrid,8,0,8,3.418882131576538
../LTL-Synth/ltl2dba21.tlsf,hybrid,6,0,8,16.540924072265625
../LTL-Synth/ltl2dba21.tlsf,hybrid,7,0,8,43.16104006767273
../LTL-Synth/ltl2dba21.tlsf,hybrid,8,0,8,993.7073481082916
../LTL-Synth/ltl2dba22.tlsf,linear,1,0,2,0.6034369468688965
../LTL-Synth/ltl2dba22.tlsf,linear,2,0,2,0.6086900234222412
../LTL-Synth/ltl2dba22.tlsf,expo,1,0,2,0.640916109085083
../LTL-Synth/ltl2dba22.tlsf,expo,2,0,2,0.6467640399932861
../LTL-Synth/ltl2dba22.tlsf,hybrid,1,0,2,0.6335451602935791
../LTL-Synth/ltl2dba22.tlsf,hybrid,2,0,2,0.6395430564880371
../LTL-Synth/ltl2dba22.tlsf,hybrid,2,0,2,0.6554510593414307
../LTL-Synth/ltl2dba23.tlsf,linear,1,0,3,0.6380000114440918
../LTL-Synth/ltl2dba23.tlsf,linear,2,0,3,0.6474900245666504
../LTL-Synth/ltl2dba23.tlsf,linear,3,0,3,0.6940920352935791
../LTL-Synth/ltl2dba23.tlsf,expo,1,0,4,0.611577033996582
../LTL-Synth/ltl2dba23.tlsf,expo,2,0,4,0.6211361885070801
../LTL-Synth/ltl2dba23.tlsf,expo,4,0,4,0.6658780574798584
../LTL-Synth/ltl2dba23.tlsf,hybrid,1,0,3,0.6002700328826904
../LTL-Synth/ltl2dba23.tlsf,hybrid,2,0,3,0.6121351718902588
../LTL-Synth/ltl2dba23.tlsf,hybrid,4,0,3,0.6627640724182129
../LTL-Synth/ltl2dba23.tlsf,hybrid,3,0,3,0.7981810569763184
../LTL-Synth/ltl2dba24.tlsf,linear,1,0,2,0.6026079654693604
../LTL-Synth/ltl2dba24.tlsf,linear,2,0,2,0.6084849834442139
../LTL-Synth/ltl2dba24.tlsf,expo,1,0,2,0.5965209007263184
../LTL-Synth/ltl2dba24.tlsf,expo,2,0,2,0.6047630310058594
../LTL-Synth/ltl2dba24.tlsf,hybrid,1,0,2,0.6282908916473389
../LTL-Synth/ltl2dba24.tlsf,hybrid,2,0,2,0.6356699466705322
../LTL-Synth/ltl2dba24.tlsf,hybrid,2,0,2,0.6804490089416504
../LTL-Synth/ltl2dba25.tlsf,linear,1,0,3,0.6264159679412842
../LTL-Synth/ltl2dba25.tlsf,linear,2,0,3,0.6764979362487793
../LTL-Synth/ltl2dba25.tlsf,linear,3,0,3,0.7664299011230469
../LTL-Synth/ltl2dba25.tlsf,expo,1,0,4,0.6334011554718018
../LTL-Synth/ltl2dba25.tlsf,expo,2,0,4,0.6782350540161133
../LTL-Synth/ltl2dba25.tlsf,expo,4,0,4,0.7656781673431396
../LTL-Synth/ltl2dba25.tlsf,hybrid,1,0,3,0.6271450519561768
../LTL-Synth/ltl2dba25.tlsf,hybrid,2,0,3,0.6777491569519043
../LTL-Synth/ltl2dba25.tlsf,hybrid,4,0,3,0.7629270553588867
../LTL-Synth/ltl2dba25.tlsf,hybrid,3,0,3,1.0506060123443604
../LTL-Synth/ltl2dba26.tlsf,linear,1,0,3,0.6008009910583496
../LTL-Synth/ltl2dba26.tlsf,linear,2,0,3,0.6427669525146484
../LTL-Synth/ltl2dba26.tlsf,linear,3,0,3,0.7693450450897217
../LTL-Synth/ltl2dba26.tlsf,expo,1,0,4,0.6384570598602295
../LTL-Synth/ltl2dba26.tlsf,expo,2,0,4,0.6779601573944092
../LTL-Synth/ltl2dba26.tlsf,expo,4,0,4,0.8034610748291016
../LTL-Synth/ltl2dba26.tlsf,hybrid,1,0,3,0.6377441883087158
../LTL-Synth/ltl2dba26.tlsf,hybrid,2,0,3,0.6805410385131836
../LTL-Synth/ltl2dba26.tlsf,hybrid,4,0,3,0.8062360286712646
../LTL-Synth/ltl2dba26.tlsf,hybrid,3,0,3,1.1033151149749756
../LTL-Synth/ltl2dba27.tlsf,linear,1,0,2,0.6249690055847168
../LTL-Synth/ltl2dba27.tlsf,linear,2,0,2,0.6401340961456299
../LTL-Synth/ltl2dba27.tlsf,expo,1,0,2,0.6136810779571533
../LTL-Synth/ltl2dba27.tlsf,expo,2,0,2,0.6289482116699219
../LTL-Synth/ltl2dba27.tlsf,hybrid,1,0,2,0.6332399845123291
../LTL-Synth/ltl2dba27.tlsf,hybrid,2,0,2,0.6485321521759033
../LTL-Synth/ltl2dba27.tlsf,hybrid,2,0,2,0.6750600337982178
../LTL-Synth/ltl2dba_alpha_2.tlsf,linear,1,0,4,0.6473419666290283
../LTL-Synth/ltl2dba_alpha_2.tlsf,linear,2,0,4,0.6698019504547119
../LTL-Synth/ltl2dba_alpha_2.tlsf,linear,3,0,4,0.726315975189209
../LTL-Synth/ltl2dba_alpha_2.tlsf,linear,4,0,4,0.8431510925292969
../LTL-Synth/ltl2dba_alpha_2.tlsf,expo,1,0,4,0.6224889755249023
../LTL-Synth/ltl2dba_alpha_2.tlsf,expo,2,0,4,0.6448929309844971
../LTL-Synth/ltl2dba_alpha_2.tlsf,expo,4,0,4,0.704103946685791
../LTL-Synth/ltl2dba_alpha_2.tlsf,hybrid,1,0,4,0.660862922668457
../LTL-Synth/ltl2dba_alpha_2.tlsf,hybrid,2,0,4,0.6811859607696533
../LTL-Synth/ltl2dba_alpha_2.tlsf,hybrid,4,0,4,0.7387840747833252
../LTL-Synth/ltl2dba_alpha_2.tlsf,hybrid,3,0,4,0.9638960361480713
../LTL-Synth/ltl2dba_alpha_2.tlsf,hybrid,4,0,4,1.0922999382019043
../LTL-Synth/ltl2dba_alpha_4.tlsf,linear,1,0,6,0.6470348834991455
../LTL-Synth/ltl2dba_alpha_4.tlsf,linear,2,0,6,0.6769239902496338
../LTL-Synth/ltl2dba_alpha_4.tlsf,linear,3,0,6,0.7602179050445557
../LTL-Synth/ltl2dba_alpha_4.tlsf,linear,4,0,6,0.9462809562683105
../LTL-Synth/ltl2dba_alpha_4.tlsf,linear,5,0,6,1.311985969543457
../LTL-Synth/ltl2dba_alpha_4.tlsf,linear,6,0,6,1.9144890308380127
../LTL-Synth/ltl2dba_alpha_4.tlsf,expo,1,0,8,0.6569170951843262
../LTL-Synth/ltl2dba_alpha_4.tlsf,expo,2,0,8,0.687554121017456
../LTL-Synth/ltl2dba_alpha_4.tlsf,expo,4,0,8,0.7828230857849121
../LTL-Synth/ltl2dba_alpha_4.tlsf,expo,8,0,8,1.148716926574707
../LTL-Synth/ltl2dba_alpha_4.tlsf,hybrid,1,0,6,0.6288938522338867
../LTL-Synth/ltl2dba_alpha_4.tlsf,hybrid,2,0,6,0.6573178768157959
../LTL-Synth/ltl2dba_alpha_4.tlsf,hybrid,4,0,6,0.7403438091278076
../LTL-Synth/ltl2dba_alpha_4.tlsf,hybrid,8,0,6,1.0985100269317627
../LTL-Synth/ltl2dba_alpha_4.tlsf,hybrid,6,0,6,3.1282248497009277
../LTL-Synth/ltl2dba_alpha_4.tlsf,hybrid,5,0,6,4.050977945327759
../LTL-Synth/ltl2dba_alpha_6.tlsf,linear,1,0,8,0.6555359363555908
../LTL-Synth/ltl2dba_alpha_6.tlsf,linear,2,0,8,0.6865160465240479
../LTL-Synth/ltl2dba_alpha_6.tlsf,linear,3,0,8,0.8053760528564453
../LTL-Synth/ltl2dba_alpha_6.tlsf,linear,4,0,8,1.0816709995269775
../LTL-Synth/ltl2dba_alpha_6.tlsf,linear,5,0,8,1.5832080841064453
../LTL-Synth/ltl2dba_alpha_6.tlsf,linear,6,0,8,2.449997901916504
../LTL-Synth/ltl2dba_alpha_6.tlsf,linear,7,0,8,3.9657559394836426
../LTL-Synth/ltl2dba_alpha_6.tlsf,linear,8,0,8,8.880712032318115
../LTL-Synth/ltl2dba_alpha_6.tlsf,expo,1,0,8,0.6820869445800781
../LTL-Synth/ltl2dba_alpha_6.tlsf,expo,2,0,8,0.7189769744873047
../LTL-Synth/ltl2dba_alpha_6.tlsf,expo,4,0,8,0.8383049964904785
../LTL-Synth/ltl2dba_alpha_6.tlsf,expo,8,0,8,1.354374885559082
../LTL-Synth/ltl2dba_alpha_6.tlsf,hybrid,1,0,8,0.6716079711914062
../LTL-Synth/ltl2dba_alpha_6.tlsf,hybrid,2,0,8,0.7097618579864502
../LTL-Synth/ltl2dba_alpha_6.tlsf,hybrid,4,0,8,0.8258798122406006
../LTL-Synth/ltl2dba_alpha_6.tlsf,hybrid,8,0,8,1.3312158584594727
../LTL-Synth/ltl2dba_alpha_6.tlsf,hybrid,6,0,8,3.902817964553833
../LTL-Synth/ltl2dba_alpha_6.tlsf,hybrid,7,0,8,5.372859954833984
../LTL-Synth/ltl2dba_alpha_6.tlsf,hybrid,8,0,8,11.505653858184814
../LTL-Synth/ltl2dba_alpha_8.tlsf,linear,1,0,10,0.667896032333374
../LTL-Synth/ltl2dba_alpha_8.tlsf,linear,2,0,10,0.7121479511260986
../LTL-Synth/ltl2dba_alpha_8.tlsf,linear,3,0,10,0.8605630397796631
../LTL-Synth/ltl2dba_alpha_8.tlsf,linear,4,0,10,1.2100348472595215
../LTL-Synth/ltl2dba_alpha_8.tlsf,linear,5,0,10,1.8737819194793701
../LTL-Synth/ltl2dba_alpha_8.tlsf,linear,6,0,10,3.013731002807617
../LTL-Synth/ltl2dba_alpha_8.tlsf,linear,7,0,10,4.944406986236572
../LTL-Synth/ltl2dba_alpha_8.tlsf,linear,8,0,10,9.846426010131836
../LTL-Synth/ltl2dba_alpha_8.tlsf,linear,9,0,10,148.15889501571655
../LTL-Synth/ltl2dba_alpha_8.tlsf,linear,10,0,10,922.2231268882751
../LTL-Synth/ltl2dba_alpha_8.tlsf,expo,1,0,16,0.6477138996124268
../LTL-Synth/ltl2dba_alpha_8.tlsf,expo,2,0,16,0.6885089874267578
../LTL-Synth/ltl2dba_alpha_8.tlsf,expo,4,0,16,0.8349099159240723
../LTL-Synth/ltl2dba_alpha_8.tlsf,expo,8,0,16,1.5051629543304443
../LTL-Synth/ltl2dba_alpha_8.tlsf,expo,16,0,16,138.16608691215515
../LTL-Synth/ltl2dba_alpha_8.tlsf,hybrid,1,0,10,0.6832160949707031
../LTL-Synth/ltl2dba_alpha_8.tlsf,hybrid,2,0,10,0.7208750247955322
../LTL-Synth/ltl2dba_alpha_8.tlsf,hybrid,4,0,10,0.8673489093780518
../LTL-Synth/ltl2dba_alpha_8.tlsf,hybrid,8,0,10,1.5282878875732422
../LTL-Synth/ltl2dba_alpha_8.tlsf,hybrid,16,0,10,134.88740301132202
../LTL-Synth/ltl2dba_alpha_8.tlsf,hybrid,12,0,10,166.11642003059387
../LTL-Synth/ltl2dba_alpha_8.tlsf,hybrid,10,0,10,177.72799110412598
../LTL-Synth/ltl2dba_alpha_8.tlsf,hybrid,9,0,10,184.21922397613525
../LTL-Synth/ltl2dba_beta_2.tlsf,linear,1,0,9,0.6978328227996826
../LTL-Synth/ltl2dba_beta_2.tlsf,linear,2,0,9,0.7298159599304199
../LTL-Synth/ltl2dba_beta_2.tlsf,linear,3,0,9,0.8913159370422363
../LTL-Synth/ltl2dba_beta_2.tlsf,linear,4,0,9,1.2448489665985107
../LTL-Synth/ltl2dba_beta_2.tlsf,linear,5,0,9,1.8331298828125
../LTL-Synth/ltl2dba_beta_2.tlsf,linear,6,0,9,2.7426040172576904
../LTL-Synth/ltl2dba_beta_2.tlsf,linear,7,0,9,4.398169994354248
../LTL-Synth/ltl2dba_beta_2.tlsf,linear,8,0,9,7.5317769050598145
../LTL-Synth/ltl2dba_beta_2.tlsf,linear,9,0,9,14.721129894256592
../LTL-Synth/ltl2dba_beta_2.tlsf,expo,1,0,16,0.6962380409240723
../LTL-Synth/ltl2dba_beta_2.tlsf,expo,2,0,16,0.7200648784637451
../LTL-Synth/ltl2dba_beta_2.tlsf,expo,4,0,16,0.8779618740081787
../LTL-Synth/ltl2dba_beta_2.tlsf,expo,8,0,16,1.4880759716033936
../LTL-Synth/ltl2dba_beta_2.tlsf,expo,16,0,16,10.489059925079346
../LTL-Synth/ltl2dba_beta_2.tlsf,hybrid,1,0,9,0.6939351558685303
../LTL-Synth/ltl2dba_beta_2.tlsf,hybrid,2,0,9,0.7178511619567871
../LTL-Synth/ltl2dba_beta_2.tlsf,hybrid,4,0,9,0.871535062789917
../LTL-Synth/ltl2dba_beta_2.tlsf,hybrid,8,0,9,1.475625991821289
../LTL-Synth/ltl2dba_beta_2.tlsf,hybrid,16,0,9,7.224146127700806
../LTL-Synth/ltl2dba_beta_2.tlsf,hybrid,12,0,9,29.566771030426025
../LTL-Synth/ltl2dba_beta_2.tlsf,hybrid,10,0,9,38.190382957458496
../LTL-Synth/ltl2dba_beta_2.tlsf,hybrid,9,0,9,43.11819314956665
../LTL-Synth/ltl2dba_C2_2.tlsf,linear,1,0,2,0.6188278198242188
../LTL-Synth/ltl2dba_C2_2.tlsf,linear,2,0,2,0.6546258926391602
../LTL-Synth/ltl2dba_C2_2.tlsf,expo,1,0,2,0.6426310539245605
../LTL-Synth/ltl2dba_C2_2.tlsf,expo,2,0,2,0.6748528480529785
../LTL-Synth/ltl2dba_C2_2.tlsf,hybrid,1,0,2,0.5910840034484863
../LTL-Synth/ltl2dba_C2_2.tlsf,hybrid,2,0,2,0.6271688938140869
../LTL-Synth/ltl2dba_C2_2.tlsf,hybrid,2,0,2,0.6928980350494385
../LTL-Synth/ltl2dba_C2_4.tlsf,linear,1,0,4,0.6365699768066406
../LTL-Synth/ltl2dba_C2_4.tlsf,linear,2,0,4,0.7074658870697021
../LTL-Synth/ltl2dba_C2_4.tlsf,linear,3,0,4,0.824700117111206
../LTL-Synth/ltl2dba_C2_4.tlsf,linear,4,0,4,1.1130878925323486
../LTL-Synth/ltl2dba_C2_4.tlsf,expo,1,0,4,0.6465771198272705
../LTL-Synth/ltl2dba_C2_4.tlsf,expo,2,0,4,0.7241721153259277
../LTL-Synth/ltl2dba_C2_4.tlsf,expo,4,0,4,0.8418140411376953
../LTL-Synth/ltl2dba_C2_4.tlsf,hybrid,1,0,4,0.6391229629516602
../LTL-Synth/ltl2dba_C2_4.tlsf,hybrid,2,0,4,0.7192411422729492
../LTL-Synth/ltl2dba_C2_4.tlsf,hybrid,4,0,4,0.8363850116729736
../LTL-Synth/ltl2dba_C2_4.tlsf,hybrid,3,0,4,1.2908189296722412
../LTL-Synth/ltl2dba_C2_4.tlsf,hybrid,4,0,4,1.5738120079040527
../LTL-Synth/ltl2dba_C2_6.tlsf,linear,1,0,6,0.816025972366333
../LTL-Synth/ltl2dba_C2_6.tlsf,linear,2,0,6,0.8586630821228027
../LTL-Synth/ltl2dba_C2_6.tlsf,linear,3,0,6,1.1491889953613281
../LTL-Synth/ltl2dba_C2_6.tlsf,linear,4,0,6,1.6006889343261719
../LTL-Synth/ltl2dba_C2_6.tlsf,linear,5,0,6,3.3843770027160645
../LTL-Synth/ltl2dba_C2_6.tlsf,linear,6,0,6,79.5960431098938
../LTL-Synth/ltl2dba_C2_6.tlsf,expo,1,0,8,0.7684659957885742
../LTL-Synth/ltl2dba_C2_6.tlsf,expo,2,0,8,0.8185610771179199
../LTL-Synth/ltl2dba_C2_6.tlsf,expo,4,0,8,1.114696979522705
../LTL-Synth/ltl2dba_C2_6.tlsf,expo,8,0,8,2.660738945007324
../LTL-Synth/ltl2dba_C2_6.tlsf,hybrid,1,0,6,0.7946820259094238
../LTL-Synth/ltl2dba_C2_6.tlsf,hybrid,2,0,6,0.839637041091919
../LTL-Synth/ltl2dba_C2_6.tlsf,hybrid,4,0,6,1.1355419158935547
../LTL-Synth/ltl2dba_C2_6.tlsf,hybrid,8,0,6,2.566934108734131
../LTL-Synth/ltl2dba_C2_6.tlsf,hybrid,6,0,6,6.445203065872192
../LTL-Synth/ltl2dba_C2_6.tlsf,hybrid,5,0,6,8.537230014801025
../LTL-Synth/ltl2dba_E_2.tlsf,linear,1,0,4,0.6359589099884033
../LTL-Synth/ltl2dba_E_2.tlsf,linear,2,0,4,0.660010814666748
../LTL-Synth/ltl2dba_E_2.tlsf,linear,3,0,4,0.72928786277771
../LTL-Synth/ltl2dba_E_2.tlsf,linear,4,0,4,0.8526878356933594
../LTL-Synth/ltl2dba_E_2.tlsf,expo,1,0,4,0.6283509731292725
../LTL-Synth/ltl2dba_E_2.tlsf,expo,2,0,4,0.653825044631958
../LTL-Synth/ltl2dba_E_2.tlsf,expo,4,0,4,0.7207479476928711
../LTL-Synth/ltl2dba_E_2.tlsf,hybrid,1,0,4,0.6181008815765381
../LTL-Synth/ltl2dba_E_2.tlsf,hybrid,2,0,4,0.6393439769744873
../LTL-Synth/ltl2dba_E_2.tlsf,hybrid,4,0,4,0.7057769298553467
../LTL-Synth/ltl2dba_E_2.tlsf,hybrid,3,0,4,0.9201788902282715
../LTL-Synth/ltl2dba_E_2.tlsf,hybrid,4,0,4,1.042923927307129
../LTL-Synth/ltl2dba_Q_2.tlsf,linear,1,0,6,0.6248211860656738
../LTL-Synth/ltl2dba_Q_2.tlsf,linear,2,0,6,0.6595711708068848
../LTL-Synth/ltl2dba_Q_2.tlsf,linear,3,0,6,0.7361471652984619
../LTL-Synth/ltl2dba_Q_2.tlsf,linear,4,0,6,0.8849451541900635
../LTL-Synth/ltl2dba_Q_2.tlsf,linear,5,0,6,1.1557462215423584
../LTL-Synth/ltl2dba_Q_2.tlsf,linear,6,0,6,1.5799691677093506
../LTL-Synth/ltl2dba_Q_2.tlsf,expo,1,0,8,0.6372649669647217
../LTL-Synth/ltl2dba_Q_2.tlsf,expo,2,0,8,0.6659219264984131
../LTL-Synth/ltl2dba_Q_2.tlsf,expo,4,0,8,0.743872880935669
../LTL-Synth/ltl2dba_Q_2.tlsf,expo,8,0,8,1.0038800239562988
../LTL-Synth/ltl2dba_Q_2.tlsf,hybrid,1,0,6,0.6323721408843994
../LTL-Synth/ltl2dba_Q_2.tlsf,hybrid,2,0,6,0.6598482131958008
../LTL-Synth/ltl2dba_Q_2.tlsf,hybrid,4,0,6,0.7400751113891602
../LTL-Synth/ltl2dba_Q_2.tlsf,hybrid,8,0,6,0.9965231418609619
../LTL-Synth/ltl2dba_Q_2.tlsf,hybrid,6,0,6,2.1920599937438965
../LTL-Synth/ltl2dba_Q_2.tlsf,hybrid,5,0,6,2.7857069969177246
../LTL-Synth/ltl2dba_R_2.tlsf,linear,1,0,2,0.6167829036712646
../LTL-Synth/ltl2dba_R_2.tlsf,linear,2,0,2,0.632004976272583
../LTL-Synth/ltl2dba_R_2.tlsf,expo,1,0,2,0.6323120594024658
../LTL-Synth/ltl2dba_R_2.tlsf,expo,2,0,2,0.6521511077880859
../LTL-Synth/ltl2dba_R_2.tlsf,hybrid,1,0,2,0.604093074798584
../LTL-Synth/ltl2dba_R_2.tlsf,hybrid,2,0,2,0.6191580295562744
../LTL-Synth/ltl2dba_R_2.tlsf,hybrid,2,0,2,0.6652531623840332
../LTL-Synth/ltl2dba_R_4.tlsf,linear,1,0,2,0.9843728542327881
../LTL-Synth/ltl2dba_R_4.tlsf,linear,2,0,2,1.0359039306640625
../LTL-Synth/ltl2dba_R_4.tlsf,expo,1,0,2,1.0106408596038818
../LTL-Synth/ltl2dba_R_4.tlsf,expo,2,0,2,1.0624990463256836
../LTL-Synth/ltl2dba_R_4.tlsf,hybrid,1,0,2,0.9876899719238281
../LTL-Synth/ltl2dba_R_4.tlsf,hybrid,2,0,2,1.0410809516906738
../LTL-Synth/ltl2dba_R_4.tlsf,hybrid,2,0,2,1.2349720001220703
../LTL-Synth/ltl2dba_theta_2.tlsf,linear,1,0,2,0.6378679275512695
../LTL-Synth/ltl2dba_theta_2.tlsf,linear,2,0,2,0.6622788906097412
../LTL-Synth/ltl2dba_theta_2.tlsf,expo,1,0,2,0.643657922744751
../LTL-Synth/ltl2dba_theta_2.tlsf,expo,2,0,2,0.6658890247344971
../LTL-Synth/ltl2dba_theta_2.tlsf,hybrid,1,0,2,0.6443431377410889
../LTL-Synth/ltl2dba_theta_2.tlsf,hybrid,2,0,2,0.6714491844177246
../LTL-Synth/ltl2dba_theta_2.tlsf,hybrid,2,0,2,0.7298321723937988
../LTL-Synth/ltl2dba_theta_4.tlsf,linear,1,0,2,0.7197690010070801
../LTL-Synth/ltl2dba_theta_4.tlsf,linear,2,0,2,0.7549428939819336
../LTL-Synth/ltl2dba_theta_4.tlsf,expo,1,0,2,0.6962430477142334
../LTL-Synth/ltl2dba_theta_4.tlsf,expo,2,0,2,0.7257499694824219
../LTL-Synth/ltl2dba_theta_4.tlsf,hybrid,1,0,2,0.6950721740722656
../LTL-Synth/ltl2dba_theta_4.tlsf,hybrid,2,0,2,0.7275261878967285
../LTL-Synth/ltl2dba_theta_4.tlsf,hybrid,2,0,2,0.8273360729217529
../LTL-Synth/ltl2dba_theta_6.tlsf,linear,1,0,2,1.9485690593719482
../LTL-Synth/ltl2dba_theta_6.tlsf,linear,2,0,2,1.9982800483703613
../LTL-Synth/ltl2dba_theta_6.tlsf,expo,1,0,2,1.9198181629180908
../LTL-Synth/ltl2dba_theta_6.tlsf,expo,2,0,2,1.9685440063476562
../LTL-Synth/ltl2dba_theta_6.tlsf,hybrid,1,0,2,1.9116778373718262
../LTL-Synth/ltl2dba_theta_6.tlsf,hybrid,2,0,2,1.9569458961486816
../LTL-Synth/ltl2dba_theta_6.tlsf,hybrid,2,0,2,2.1142330169677734
../LTL-Synth/ltl2dba_theta_8.tlsf,linear,1,0,2,70.36394906044006
../LTL-Synth/ltl2dba_theta_8.tlsf,linear,2,0,2,70.4336290359497
../LTL-Synth/ltl2dba_theta_8.tlsf,expo,1,0,2,65.82628989219666
../LTL-Synth/ltl2dba_theta_8.tlsf,expo,2,0,2,65.88924789428711
../LTL-Synth/ltl2dba_theta_8.tlsf,hybrid,1,0,2,65.71469807624817
../LTL-Synth/ltl2dba_theta_8.tlsf,hybrid,2,0,2,65.78277111053467
../LTL-Synth/ltl2dba_theta_8.tlsf,hybrid,2,0,2,66.00405502319336
../LTL-Synth/ltl2dba_U1_2.tlsf,linear,1,0,3,0.5954179763793945
../LTL-Synth/ltl2dba_U1_2.tlsf,linear,2,0,3,0.6040799617767334
../LTL-Synth/ltl2dba_U1_2.tlsf,linear,3,0,3,0.6931729316711426
../LTL-Synth/ltl2dba_U1_2.tlsf,expo,1,0,4,0.6114318370819092
../LTL-Synth/ltl2dba_U1_2.tlsf,expo,2,0,4,0.6183369159698486
../LTL-Synth/ltl2dba_U1_2.tlsf,expo,4,0,4,0.7087948322296143
../LTL-Synth/ltl2dba_U1_2.tlsf,hybrid,1,0,3,0.6249599456787109
../LTL-Synth/ltl2dba_U1_2.tlsf,hybrid,2,0,3,0.6343560218811035
../LTL-Synth/ltl2dba_U1_2.tlsf,hybrid,4,0,3,0.7195818424224854
../LTL-Synth/ltl2dba_U1_2.tlsf,hybrid,3,0,3,0.9262468814849854
../LTL-Synth/ltl2dba_U1_4.tlsf,linear,1,0,9,0.658919095993042
../LTL-Synth/ltl2dba_U1_4.tlsf,linear,2,0,9,0.6762549877166748
../LTL-Synth/ltl2dba_U1_4.tlsf,linear,3,0,9,0.8563611507415771
../LTL-Synth/ltl2dba_U1_4.tlsf,linear,4,0,9,1.2617080211639404
../LTL-Synth/ltl2dba_U1_4.tlsf,linear,5,0,9,2.077731132507324
../LTL-Synth/ltl2dba_U1_4.tlsf,linear,6,0,9,3.362058162689209
../LTL-Synth/ltl2dba_U1_4.tlsf,linear,7,0,9,5.380137205123901
../LTL-Synth/ltl2dba_U1_4.tlsf,linear,8,0,9,8.609234094619751
../LTL-Synth/ltl2dba_U1_4.tlsf,linear,9,0,9,98.88797211647034
../LTL-Synth/ltl2dba_U1_4.tlsf,expo,1,0,16,0.6831018924713135
../LTL-Synth/ltl2dba_U1_4.tlsf,expo,2,0,16,0.7060470581054688
../LTL-Synth/ltl2dba_U1_4.tlsf,expo,4,0,16,0.8937900066375732
../LTL-Synth/ltl2dba_U1_4.tlsf,expo,8,0,16,1.7194180488586426
../LTL-Synth/ltl2dba_U1_4.tlsf,expo,16,0,16,15.682394027709961
../LTL-Synth/ltl2dba_U1_4.tlsf,hybrid,1,0,9,0.6907739639282227
../LTL-Synth/ltl2dba_U1_4.tlsf,hybrid,2,0,9,0.7092549800872803
../LTL-Synth/ltl2dba_U1_4.tlsf,hybrid,4,0,9,0.8875429630279541
../LTL-Synth/ltl2dba_U1_4.tlsf,hybrid,8,0,9,1.7164099216461182
../LTL-Synth/ltl2dba_U1_4.tlsf,hybrid,16,0,9,76.47033190727234
../LTL-Synth/ltl2dba_U1_4.tlsf,hybrid,12,0,9,105.41773295402527
../LTL-Synth/ltl2dba_U1_4.tlsf,hybrid,10,0,9,117.18661403656006
../LTL-Synth/ltl2dba_U1_4.tlsf,hybrid,9,0,9,123.9141309261322
../LTL-Synth/ltl2dpa01.tlsf,linear,1,0,1,0.6504249572753906
../LTL-Synth/ltl2dpa01.tlsf,expo,1,0,1,0.6469769477844238
../LTL-Synth/ltl2dpa01.tlsf,hybrid,1,0,1,0.6587390899658203
../LTL-Synth/ltl2dpa01.tlsf,hybrid,1,0,1,0.7189171314239502
../LTL-Synth/ltl2dpa02.tlsf,linear,1,0,2,0.6615869998931885
../LTL-Synth/ltl2dpa02.tlsf,linear,2,0,2,0.7153069972991943
../LTL-Synth/ltl2dpa02.tlsf,expo,1,0,2,0.6513190269470215
../LTL-Synth/ltl2dpa02.tlsf,expo,2,0,2,0.7034320831298828
../LTL-Synth/ltl2dpa02.tlsf,hybrid,1,0,2,0.6266939640045166
../LTL-Synth/ltl2dpa02.tlsf,hybrid,2,0,2,0.675684928894043
../LTL-Synth/ltl2dpa02.tlsf,hybrid,2,0,2,0.7873101234436035
../LTL-Synth/ltl2dpa03.tlsf,linear,1,0,2,0.7782618999481201
../LTL-Synth/ltl2dpa03.tlsf,linear,2,0,2,0.8197338581085205
../LTL-Synth/ltl2dpa03.tlsf,expo,1,0,2,0.7774670124053955
../LTL-Synth/ltl2dpa03.tlsf,expo,2,0,2,0.8208470344543457
../LTL-Synth/ltl2dpa03.tlsf,hybrid,1,0,2,0.751460075378418
../LTL-Synth/ltl2dpa03.tlsf,hybrid,2,0,2,0.7988369464874268
../LTL-Synth/ltl2dpa03.tlsf,hybrid,2,0,2,0.9443650245666504
../LTL-Synth/ltl2dpa04.tlsf,linear,1,0,2,0.622715950012207
../LTL-Synth/ltl2dpa04.tlsf,linear,2,0,2,0.663611888885498
../LTL-Synth/ltl2dpa04.tlsf,expo,1,0,2,0.6005020141601562
../LTL-Synth/ltl2dpa04.tlsf,expo,2,0,2,0.636991024017334
../LTL-Synth/ltl2dpa04.tlsf,hybrid,1,0,2,0.6385500431060791
../LTL-Synth/ltl2dpa04.tlsf,hybrid,2,0,2,0.6818439960479736
../LTL-Synth/ltl2dpa04.tlsf,hybrid,2,0,2,0.7644500732421875
../LTL-Synth/ltl2dpa05.tlsf,linear,1,0,1,0.5948588848114014
../LTL-Synth/ltl2dpa05.tlsf,expo,1,0,1,0.6151750087738037
../LTL-Synth/ltl2dpa05.tlsf,hybrid,1,0,1,0.6478040218353271
../LTL-Synth/ltl2dpa05.tlsf,hybrid,1,0,1,0.6825170516967773
../LTL-Synth/ltl2dpa06.tlsf,linear,1,0,2,0.6215090751647949
../LTL-Synth/ltl2dpa06.tlsf,linear,2,0,2,0.6557040214538574
../LTL-Synth/ltl2dpa06.tlsf,expo,1,0,2,0.6055970191955566
../LTL-Synth/ltl2dpa06.tlsf,expo,2,0,2,0.6311099529266357
../LTL-Synth/ltl2dpa06.tlsf,hybrid,1,0,2,0.6282598972320557
../LTL-Synth/ltl2dpa06.tlsf,hybrid,2,0,2,0.6579890251159668
../LTL-Synth/ltl2dpa06.tlsf,hybrid,2,0,2,0.7323770523071289
../LTL-Synth/ltl2dpa07.tlsf,linear,1,0,2,0.6298749446868896
../LTL-Synth/ltl2dpa07.tlsf,linear,2,0,2,0.6900508403778076
../LTL-Synth/ltl2dpa07.tlsf,expo,1,0,2,0.5978419780731201
../LTL-Synth/ltl2dpa07.tlsf,expo,2,0,2,0.6626670360565186
../LTL-Synth/ltl2dpa07.tlsf,hybrid,1,0,2,0.6009929180145264
../LTL-Synth/ltl2dpa07.tlsf,hybrid,2,0,2,0.6610739231109619
../LTL-Synth/ltl2dpa07.tlsf,hybrid,2,0,2,0.7599179744720459
../LTL-Synth/ltl2dpa08.tlsf,linear,1,0,3,0.6208770275115967
../LTL-Synth/ltl2dpa08.tlsf,linear,2,0,3,0.6547489166259766
../LTL-Synth/ltl2dpa08.tlsf,linear,3,0,3,0.7386019229888916
../LTL-Synth/ltl2dpa08.tlsf,expo,1,0,4,0.6525130271911621
../LTL-Synth/ltl2dpa08.tlsf,expo,2,0,4,0.6805250644683838
../LTL-Synth/ltl2dpa08.tlsf,expo,4,0,4,0.7647731304168701
../LTL-Synth/ltl2dpa08.tlsf,hybrid,1,0,3,0.6541650295257568
../LTL-Synth/ltl2dpa08.tlsf,hybrid,2,0,3,0.683434009552002
../LTL-Synth/ltl2dpa08.tlsf,hybrid,4,0,3,0.784600019454956
../LTL-Synth/ltl2dpa08.tlsf,hybrid,3,0,3,1.0096540451049805
../LTL-Synth/ltl2dpa09.tlsf,linear,1,0,2,0.6284010410308838
../LTL-Synth/ltl2dpa09.tlsf,linear,2,0,2,0.6994390487670898
../LTL-Synth/ltl2dpa09.tlsf,expo,1,0,2,0.614048957824707
../LTL-Synth/ltl2dpa09.tlsf,expo,2,0,2,0.6783690452575684
../LTL-Synth/ltl2dpa09.tlsf,hybrid,1,0,2,0.6449790000915527
../LTL-Synth/ltl2dpa09.tlsf,hybrid,2,0,2,0.7112181186676025
../LTL-Synth/ltl2dpa09.tlsf,hybrid,2,0,2,0.8011410236358643
../LTL-Synth/ltl2dpa10.tlsf,linear,1,0,1,0.658912181854248
../LTL-Synth/ltl2dpa10.tlsf,expo,1,0,1,0.6808381080627441
../LTL-Synth/ltl2dpa10.tlsf,hybrid,1,0,1,0.7148780822753906
../LTL-Synth/ltl2dpa10.tlsf,hybrid,1,0,1,0.7607669830322266
../LTL-Synth/ltl2dpa11.tlsf,linear,1,0,2,0.6353001594543457
../LTL-Synth/ltl2dpa11.tlsf,linear,2,0,2,0.6796810626983643
../LTL-Synth/ltl2dpa11.tlsf,expo,1,0,2,0.6050980091094971
../LTL-Synth/ltl2dpa11.tlsf,expo,2,0,2,0.6585981845855713
../LTL-Synth/ltl2dpa11.tlsf,hybrid,1,0,2,0.6297049522399902
../LTL-Synth/ltl2dpa11.tlsf,hybrid,2,0,2,0.6746599674224854
../LTL-Synth/ltl2dpa11.tlsf,hybrid,2,0,2,0.7401268482208252
../LTL-Synth/ltl2dpa12.tlsf,linear,1,0,1,0.6903619766235352
../LTL-Synth/ltl2dpa12.tlsf,expo,1,0,1,0.7256150245666504
../LTL-Synth/ltl2dpa12.tlsf,hybrid,1,0,1,0.7016780376434326
../LTL-Synth/ltl2dpa12.tlsf,hybrid,1,0,1,0.7513830661773682
../LTL-Synth/ltl2dpa14.tlsf,linear,1,0,1,0.6247868537902832
../LTL-Synth/ltl2dpa14.tlsf,expo,1,0,1,0.6025760173797607
../LTL-Synth/ltl2dpa14.tlsf,hybrid,1,0,1,0.6366739273071289
../LTL-Synth/ltl2dpa14.tlsf,hybrid,1,0,1,0.6925981044769287
../LTL-Synth/ltl2dpa15.tlsf,linear,1,0,2,0.6239368915557861
../LTL-Synth/ltl2dpa15.tlsf,linear,2,0,2,0.6692380905151367
../LTL-Synth/ltl2dpa15.tlsf,expo,1,0,2,0.614501953125
../LTL-Synth/ltl2dpa15.tlsf,expo,2,0,2,0.6578199863433838
../LTL-Synth/ltl2dpa15.tlsf,hybrid,1,0,2,0.6213200092315674
../LTL-Synth/ltl2dpa15.tlsf,hybrid,2,0,2,0.670280933380127
../LTL-Synth/ltl2dpa15.tlsf,hybrid,2,0,2,0.733860969543457
../LTL-Synth/ltl2dpa16.tlsf,linear,1,0,4,0.6497130393981934
../LTL-Synth/ltl2dpa16.tlsf,linear,2,0,4,0.6987459659576416
../LTL-Synth/ltl2dpa16.tlsf,linear,3,0,4,0.7850370407104492
../LTL-Synth/ltl2dpa16.tlsf,linear,4,0,4,0.9346821308135986
../LTL-Synth/ltl2dpa16.tlsf,expo,1,0,4,0.6228780746459961
../LTL-Synth/ltl2dpa16.tlsf,expo,2,0,4,0.6777331829071045
../LTL-Synth/ltl2dpa16.tlsf,expo,4,0,4,0.7614061832427979
../LTL-Synth/ltl2dpa16.tlsf,hybrid,1,0,4,0.6378281116485596
../LTL-Synth/ltl2dpa16.tlsf,hybrid,2,0,4,0.6860301494598389
../LTL-Synth/ltl2dpa16.tlsf,hybrid,4,0,4,0.7759101390838623
../LTL-Synth/ltl2dpa16.tlsf,hybrid,3,0,4,1.0094211101531982
../LTL-Synth/ltl2dpa16.tlsf,hybrid,4,0,4,1.1546380519866943
../LTL-Synth/ltl2dpa17.tlsf,linear,1,0,4,0.6036698818206787
../LTL-Synth/ltl2dpa17.tlsf,linear,2,0,4,0.6317689418792725
../LTL-Synth/ltl2dpa17.tlsf,linear,3,0,4,0.7076199054718018
../LTL-Synth/ltl2dpa17.tlsf,linear,4,0,4,0.8558998107910156
../LTL-Synth/ltl2dpa17.tlsf,expo,1,0,4,0.5952470302581787
../LTL-Synth/ltl2dpa17.tlsf,expo,2,0,4,0.6263790130615234
../LTL-Synth/ltl2dpa17.tlsf,expo,4,0,4,0.7066700458526611
../LTL-Synth/ltl2dpa17.tlsf,hybrid,1,0,4,0.6088788509368896
../LTL-Synth/ltl2dpa17.tlsf,hybrid,2,0,4,0.6394050121307373
../LTL-Synth/ltl2dpa17.tlsf,hybrid,4,0,4,0.7145249843597412
../LTL-Synth/ltl2dpa17.tlsf,hybrid,3,0,4,0.9547839164733887
../LTL-Synth/ltl2dpa17.tlsf,hybrid,4,0,4,1.0960149765014648
../LTL-Synth/ltl2dpa18.tlsf,linear,1,0,4,0.6252210140228271
../LTL-Synth/ltl2dpa18.tlsf,linear,2,0,4,0.6554269790649414
../LTL-Synth/ltl2dpa18.tlsf,linear,3,0,4,0.734795093536377
../LTL-Synth/ltl2dpa18.tlsf,linear,4,0,4,0.8844220638275146
../LTL-Synth/ltl2dpa18.tlsf,expo,1,0,4,0.6357541084289551
../LTL-Synth/ltl2dpa18.tlsf,expo,2,0,4,0.6669659614562988
../LTL-Synth/ltl2dpa18.tlsf,expo,4,0,4,0.7448699474334717
../LTL-Synth/ltl2dpa18.tlsf,hybrid,1,0,4,0.6339399814605713
../LTL-Synth/ltl2dpa18.tlsf,hybrid,2,0,4,0.6614410877227783
../LTL-Synth/ltl2dpa18.tlsf,hybrid,4,0,4,0.74155592918396
../LTL-Synth/ltl2dpa18.tlsf,hybrid,3,0,4,0.9973559379577637
../LTL-Synth/ltl2dpa18.tlsf,hybrid,4,0,4,1.1470189094543457
../LTL-Synth/ltl2dpa20.tlsf,linear,1,0,4,0.6164929866790771
../LTL-Synth/ltl2dpa20.tlsf,linear,2,0,4,0.6704931259155273
../LTL-Synth/ltl2dpa20.tlsf,linear,3,0,4,0.7513680458068848
../LTL-Synth/ltl2dpa20.tlsf,linear,4,0,4,0.8939459323883057
../LTL-Synth/ltl2dpa20.tlsf,expo,1,0,4,0.6229650974273682
../LTL-Synth/ltl2dpa20.tlsf,expo,2,0,4,0.6731069087982178
../LTL-Synth/ltl2dpa20.tlsf,expo,4,0,4,0.7510769367218018
../LTL-Synth/ltl2dpa20.tlsf,hybrid,1,0,4,0.6242189407348633
../LTL-Synth/ltl2dpa20.tlsf,hybrid,2,0,4,0.6764509677886963
../LTL-Synth/ltl2dpa20.tlsf,hybrid,4,0,4,0.7590909004211426
../LTL-Synth/ltl2dpa20.tlsf,hybrid,3,0,4,0.9958717823028564
../LTL-Synth/ltl2dpa20.tlsf,hybrid,4,0,4,1.1343119144439697
../LTL-Synth/ltl2dpa21.tlsf,linear,1,0,1,0.6474130153656006
../LTL-Synth/ltl2dpa21.tlsf,expo,1,0,1,0.7061319351196289
../LTL-Synth/ltl2dpa21.tlsf,hybrid,1,0,1,0.6683881282806396
../LTL-Synth/ltl2dpa21.tlsf,hybrid,1,0,1,0.7208969593048096
../LTL-Synth/ltl2dpa22.tlsf,linear,1,0,5,9.379842042922974
../LTL-Synth/ltl2dpa22.tlsf,linear,2,0,5,9.465183973312378
../LTL-Synth/ltl2dpa22.tlsf,linear,3,0,5,9.947977066040039
../LTL-Synth/ltl2dpa22.tlsf,linear,4,0,5,10.856215000152588
../LTL-Synth/ltl2dpa22.tlsf,linear,5,0,5,13.738744020462036
../LTL-Synth/ltl2dpa22.tlsf,expo,1,0,8,9.358189105987549
../LTL-Synth/ltl2dpa22.tlsf,expo,2,0,8,9.437788963317871
../LTL-Synth/ltl2dpa22.tlsf,expo,4,0,8,9.91231107711792
../LTL-Synth/ltl2dpa22.tlsf,expo,8,0,8,12.940035104751587
../LTL-Synth/ltl2dpa22.tlsf,hybrid,1,0,5,9.649832963943481
../LTL-Synth/ltl2dpa22.tlsf,hybrid,2,0,5,9.72980785369873
../LTL-Synth/ltl2dpa22.tlsf,hybrid,4,0,5,10.198807954788208
../LTL-Synth/ltl2dpa22.tlsf,hybrid,8,0,5,14.482343912124634
../LTL-Synth/ltl2dpa22.tlsf,hybrid,6,0,5,24.034158945083618
../LTL-Synth/ltl2dpa22.tlsf,hybrid,5,0,5,28.2307288646698
../LTL-Synth/ltl2dpa23.tlsf,linear,1,0,1,0.6452968120574951
../LTL-Synth/ltl2dpa23.tlsf,expo,1,0,1,0.6216580867767334
../LTL-Synth/ltl2dpa23.tlsf,hybrid,1,0,1,0.6332359313964844
../LTL-Synth/ltl2dpa23.tlsf,hybrid,1,0,1,0.693897008895874
../LTL-Synth/ltl2dpa24.tlsf,linear,1,0,1,0.6611700057983398
../LTL-Synth/ltl2dpa24.tlsf,expo,1,0,1,0.6457009315490723
../LTL-Synth/ltl2dpa24.tlsf,hybrid,1,0,1,0.6121940612792969
../LTL-Synth/ltl2dpa24.tlsf,hybrid,1,0,1,0.6678309440612793
../LTL-Synth/music_app_feedback.tlsf,linear,1,0,1,0.7038929462432861
../LTL-Synth/music_app_feedback.tlsf,expo,1,0,1,0.6701030731201172
../LTL-Synth/music_app_feedback.tlsf,hybrid,1,0,1,0.6674110889434814
../LTL-Synth/music_app_feedback.tlsf,hybrid,1,0,1,0.78507399559021
../LTL-Synth/music_app_motivating_2.tlsf,linear,1,0,2,0.7127211093902588
../LTL-Synth/music_app_motivating_2.tlsf,linear,2,0,2,0.9533190727233887
../LTL-Synth/music_app_motivating_2.tlsf,expo,1,0,2,0.7121000289916992
../LTL-Synth/music_app_motivating_2.tlsf,expo,2,0,2,0.9559991359710693
../LTL-Synth/music_app_motivating_2.tlsf,hybrid,1,0,2,0.7142491340637207
../LTL-Synth/music_app_motivating_2.tlsf,hybrid,2,0,2,0.9512910842895508
../LTL-Synth/music_app_motivating_2.tlsf,hybrid,2,0,2,1.9529190063476562
../LTL-Synth/music_app_motivating.tlsf,linear,1,0,2,0.7076611518859863
../LTL-Synth/music_app_motivating.tlsf,linear,2,0,2,0.9562041759490967
../LTL-Synth/music_app_motivating.tlsf,expo,1,0,2,0.6994860172271729
../LTL-Synth/music_app_motivating.tlsf,expo,2,0,2,0.9446799755096436
../LTL-Synth/music_app_motivating.tlsf,hybrid,1,0,2,0.7064452171325684
../LTL-Synth/music_app_motivating.tlsf,hybrid,2,0,2,0.9488451480865479
../LTL-Synth/music_app_motivating.tlsf,hybrid,2,0,2,1.9409561157226562
../LTL-Synth/music_app_simple.tlsf,linear,1,0,1,0.6506941318511963
../LTL-Synth/music_app_simple.tlsf,expo,1,0,1,0.6020808219909668
../LTL-Synth/music_app_simple.tlsf,hybrid,1,0,1,0.6150600910186768
../LTL-Synth/music_app_simple.tlsf,hybrid,1,0,1,0.6630990505218506
../LTL-Synth/mux_10.tlsf,linear,1,0,1,0.8071999549865723
../LTL-Synth/mux_10.tlsf,expo,1,0,1,0.8433680534362793
../LTL-Synth/mux_10.tlsf,hybrid,1,0,1,0.8101279735565186
../LTL-Synth/mux_10.tlsf,hybrid,1,0,1,0.8156509399414062
../LTL-Synth/mux_12.tlsf,linear,1,0,1,1.871703863143921
../LTL-Synth/mux_12.tlsf,expo,1,0,1,1.844770908355713
../LTL-Synth/mux_12.tlsf,hybrid,1,0,1,1.842170000076294
../LTL-Synth/mux_12.tlsf,hybrid,1,0,1,1.848257064819336
../LTL-Synth/mux_2.tlsf,linear,1,0,1,0.610023021697998
../LTL-Synth/mux_2.tlsf,expo,1,0,1,0.6453189849853516
../LTL-Synth/mux_2.tlsf,hybrid,1,0,1,0.6003139019012451
../LTL-Synth/mux_2.tlsf,hybrid,1,0,1,0.6041829586029053
../LTL-Synth/mux_4.tlsf,linear,1,0,1,0.6245269775390625
../LTL-Synth/mux_4.tlsf,expo,1,0,1,0.632317066192627
../LTL-Synth/mux_4.tlsf,hybrid,1,0,1,0.6148889064788818
../LTL-Synth/mux_4.tlsf,hybrid,1,0,1,0.6197090148925781
../LTL-Synth/mux_6.tlsf,linear,1,0,1,0.6251029968261719
../LTL-Synth/mux_6.tlsf,expo,1,0,1,0.6132738590240479
../LTL-Synth/mux_6.tlsf,hybrid,1,0,1,0.635512113571167
../LTL-Synth/mux_6.tlsf,hybrid,1,0,1,0.6401300430297852
../LTL-Synth/mux_8.tlsf,linear,1,0,1,0.6804728507995605
../LTL-Synth/mux_8.tlsf,expo,1,0,1,0.6692249774932861
../LTL-Synth/mux_8.tlsf,hybrid,1,0,1,0.6362581253051758
../LTL-Synth/mux_8.tlsf,hybrid,1,0,1,0.6406490802764893
../LTL-Synth/narylatch_2.tlsf,linear,1,0,4,0.6296072006225586
../LTL-Synth/narylatch_2.tlsf,linear,2,0,4,0.6723191738128662
../LTL-Synth/narylatch_2.tlsf,linear,3,0,4,0.7362370491027832
../LTL-Synth/narylatch_2.tlsf,linear,4,0,4,0.8618981838226318
../LTL-Synth/narylatch_2.tlsf,expo,1,0,4,0.6170389652252197
../LTL-Synth/narylatch_2.tlsf,expo,2,0,4,0.6588089466094971
../LTL-Synth/narylatch_2.tlsf,expo,4,0,4,0.721013069152832
../LTL-Synth/narylatch_2.tlsf,hybrid,1,0,4,0.6310610771179199
../LTL-Synth/narylatch_2.tlsf,hybrid,2,0,4,0.6709349155426025
../LTL-Synth/narylatch_2.tlsf,hybrid,4,0,4,0.7322070598602295
../LTL-Synth/narylatch_2.tlsf,hybrid,3,0,4,0.9563219547271729
../LTL-Synth/narylatch_2.tlsf,hybrid,4,0,4,1.0827300548553467
../LTL-Synth/prioritized_arbiter_2.tlsf,linear,1,0,2,0.6290640830993652
../LTL-Synth/prioritized_arbiter_2.tlsf,linear,2,0,2,0.6643381118774414
../LTL-Synth/prioritized_arbiter_2.tlsf,expo,1,0,2,0.6478829383850098
../LTL-Synth/prioritized_arbiter_2.tlsf,expo,2,0,2,0.6789748668670654
../LTL-Synth/prioritized_arbiter_2.tlsf,hybrid,1,0,2,0.6164448261260986
../LTL-Synth/prioritized_arbiter_2.tlsf,hybrid,2,0,2,0.6461009979248047
../LTL-Synth/prioritized_arbiter_2.tlsf,hybrid,2,0,2,0.7261359691619873
../LTL-Synth/prioritized_arbiter_4.tlsf,linear,1,0,8,1.5416390895843506
../LTL-Synth/prioritized_arbiter_4.tlsf,linear,2,0,8,1.594438076019287
../LTL-Synth/prioritized_arbiter_4.tlsf,linear,3,0,8,1.8157858848571777
../LTL-Synth/prioritized_arbiter_4.tlsf,linear,4,0,8,2.301179885864258
../LTL-Synth/prioritized_arbiter_4.tlsf,linear,5,0,8,3.213999032974243
../LTL-Synth/prioritized_arbiter_4.tlsf,linear,6,0,8,4.931133985519409
../LTL-Synth/prioritized_arbiter_4.tlsf,linear,7,0,8,18.428991079330444
../LTL-Synth/prioritized_arbiter_4.tlsf,linear,8,0,8,758.5832419395447
../LTL-Synth/prioritized_arbiter_4.tlsf,expo,1,0,8,1.4703090190887451
../LTL-Synth/prioritized_arbiter_4.tlsf,expo,2,0,8,1.5286970138549805
../LTL-Synth/prioritized_arbiter_4.tlsf,expo,4,0,8,1.7537620067596436
../LTL-Synth/prioritized_arbiter_4.tlsf,expo,8,0,8,2.642362117767334
../LTL-Synth/prioritized_arbiter_4.tlsf,hybrid,1,0,8,1.5576720237731934
../LTL-Synth/prioritized_arbiter_4.tlsf,hybrid,2,0,8,1.610727071762085
../LTL-Synth/prioritized_arbiter_4.tlsf,hybrid,4,0,8,1.8251769542694092
../LTL-Synth/prioritized_arbiter_4.tlsf,hybrid,8,0,8,2.7085540294647217
../LTL-Synth/prioritized_arbiter_4.tlsf,hybrid,6,0,8,7.7554030418396
../LTL-Synth/prioritized_arbiter_4.tlsf,hybrid,7,0,8,20.525663137435913
../LTL-Synth/prioritized_arbiter_4.tlsf,hybrid,8,0,8,997.2383649349213
../LTL-Synth/prioritized_arbiter_enc_2.tlsf,linear,1,0,4,0.6479499340057373
../LTL-Synth/prioritized_arbiter_enc_2.tlsf,linear,2,0,4,0.6950249671936035
../LTL-Synth/prioritized_arbiter_enc_2.tlsf,linear,3,0,4,0.8443400859832764
../LTL-Synth/prioritized_arbiter_enc_2.tlsf,linear,4,0,4,1.1661169528961182
../LTL-Synth/prioritized_arbiter_enc_2.tlsf,expo,1,0,4,0.6929090023040771
../LTL-Synth/prioritized_arbiter_enc_2.tlsf,expo,2,0,4,0.7359969615936279
../LTL-Synth/prioritized_arbiter_enc_2.tlsf,expo,4,0,4,0.8869080543518066
../LTL-Synth/prioritized_arbiter_enc_2.tlsf,hybrid,1,0,4,0.6888220310211182
../LTL-Synth/prioritized_arbiter_enc_2.tlsf,hybrid,2,0,4,0.727773904800415
../LTL-Synth/prioritized_arbiter_enc_2.tlsf,hybrid,4,0,4,0.8776428699493408
../LTL-Synth/prioritized_arbiter_enc_2.tlsf,hybrid,3,0,4,1.477186918258667
../LTL-Synth/prioritized_arbiter_enc_2.tlsf,hybrid,4,0,4,1.801236867904663
../LTL-Synth/prioritized_arbiter_unreal1_3_2.tlsf,linear,1,0,1,1.4966130256652832
../LTL-Synth/prioritized_arbiter_unreal1_3_2.tlsf,expo,1,0,1,1.5278451442718506
../LTL-Synth/prioritized_arbiter_unreal1_3_2.tlsf,hybrid,1,0,1,1.5287301540374756
../LTL-Synth/prioritized_arbiter_unreal1_3_2.tlsf,hybrid,1,0,1,2.97714900970459
../LTL-Synth/prioritized_arbiter_unreal1_3_4.tlsf,linear,1,0,1,9.594439029693604
../LTL-Synth/prioritized_arbiter_unreal1_3_4.tlsf,expo,1,0,1,4.41072678565979
../LTL-Synth/prioritized_arbiter_unreal1_3_4.tlsf,hybrid,1,0,1,4.401447057723999
../LTL-Synth/prioritized_arbiter_unreal1_3_4.tlsf,hybrid,1,0,1,5.82266092300415
../LTL-Synth/prioritized_arbiter_unreal1_3_6.tlsf,linear,1,0,1,119.24925589561462
../LTL-Synth/prioritized_arbiter_unreal1_3_6.tlsf,expo,1,0,1,118.41139698028564
../LTL-Synth/RegManager.tlsf,linear,1,0,1,0.970332145690918
../LTL-Synth/RegManager.tlsf,expo,1,0,1,1.190551996231079
../LTL-Synth/RegManager.tlsf,hybrid,1,0,1,1.252047061920166
../LTL-Synth/RegManager.tlsf,hybrid,1,0,1,1.257375955581665
../LTL-Synth/RotationCalculator.tlsf,expo,1,132,1,1.7403919696807861
../LTL-Synth/RotationCalculator.tlsf,hybrid,1,132,,1.5005559921264648
../LTL-Synth/RotationCalculator.tlsf,hybrid,1,132,,1.9653799533843994
../LTL-Synth/round_robin_arbiter_2.tlsf,linear,1,0,1,1.216663122177124
../LTL-Synth/round_robin_arbiter_2.tlsf,expo,1,0,1,0.9393758773803711
../LTL-Synth/round_robin_arbiter_2.tlsf,hybrid,1,0,1,0.9485931396484375
../LTL-Synth/round_robin_arbiter_2.tlsf,hybrid,1,0,1,1.0695431232452393
../LTL-Synth/round_robin_arbiter_3.tlsf,linear,1,132,,1.7576239109039307
../LTL-Synth/round_robin_arbiter_3.tlsf,expo,1,132,,1.7675790786743164
../LTL-Synth/round_robin_arbiter_3.tlsf,hybrid,1,132,,1.6683518886566162
../LTL-Synth/round_robin_arbiter_unreal1_2_12.tlsf,linear,1,0,3,2.039436101913452
../LTL-Synth/round_robin_arbiter_unreal1_2_12.tlsf,linear,2,0,3,2.086617946624756
../LTL-Synth/round_robin_arbiter_unreal1_2_12.tlsf,linear,3,0,3,2.266653060913086
../LTL-Synth/round_robin_arbiter_unreal1_2_12.tlsf,hybrid,1,132,,2.0985820293426514
../LTL-Synth/round_robin_arbiter_unreal1_2_12.tlsf,hybrid,2,132,,2.1456210613250732
../LTL-Synth/round_robin_arbiter_unreal1_2_12.tlsf,hybrid,4,132,,2.318979024887085
../LTL-Synth/round_robin_arbiter_unreal1_2_12.tlsf,hybrid,3,132,,3.132236957550049
../LTL-Synth/round_robin_arbiter_unreal1_2_3.tlsf,linear,1,132,,1.1332621574401855
../LTL-Synth/round_robin_arbiter_unreal1_2_3.tlsf,linear,2,132,,1.1792850494384766
../LTL-Synth/round_robin_arbiter_unreal1_2_3.tlsf,linear,3,132,,1.3584251403808594
../LTL-Synth/round_robin_arbiter_unreal1_2_3.tlsf,expo,1,132,,1.1318199634552002
../LTL-Synth/round_robin_arbiter_unreal1_2_3.tlsf,expo,2,132,,1.1810290813446045
../LTL-Synth/round_robin_arbiter_unreal1_2_3.tlsf,expo,4,132,,1.3482890129089355
../LTL-Synth/round_robin_arbiter_unreal1_2_3.tlsf,hybrid,1,132,,1.1214568614959717
../LTL-Synth/round_robin_arbiter_unreal1_2_3.tlsf,hybrid,2,132,,1.1734378337860107
../LTL-Synth/round_robin_arbiter_unreal1_2_3.tlsf,hybrid,4,132,,1.3434388637542725
../LTL-Synth/round_robin_arbiter_unreal1_2_6.tlsf,linear,1,0,3,1.1453211307525635
../LTL-Synth/round_robin_arbiter_unreal1_2_6.tlsf,linear,2,0,3,1.1918859481811523
../LTL-Synth/round_robin_arbiter_unreal1_2_6.tlsf,linear,3,0,3,1.365591049194336
../LTL-Synth/round_robin_arbiter_unreal1_2_6.tlsf,expo,1,0,4,0.9867830276489258
../LTL-Synth/round_robin_arbiter_unreal1_2_6.tlsf,expo,2,0,4,1.0307750701904297
../LTL-Synth/round_robin_arbiter_unreal1_2_6.tlsf,expo,4,0,4,1.2064969539642334
../LTL-Synth/round_robin_arbiter_unreal1_2_6.tlsf,hybrid,1,0,3,0.9914600849151611
../LTL-Synth/round_robin_arbiter_unreal1_2_6.tlsf,hybrid,2,0,3,1.0434629917144775
../LTL-Synth/round_robin_arbiter_unreal1_2_6.tlsf,hybrid,4,0,3,1.2169790267944336
../LTL-Synth/round_robin_arbiter_unreal1_2_6.tlsf,hybrid,3,0,3,2.010472059249878
../LTL-Synth/round_robin_arbiter_unreal1_2_9.tlsf,linear,1,0,3,1.2091741561889648
../LTL-Synth/round_robin_arbiter_unreal1_2_9.tlsf,linear,2,0,3,1.254668951034546
../LTL-Synth/round_robin_arbiter_unreal1_2_9.tlsf,linear,3,0,3,1.4330720901489258
../LTL-Synth/round_robin_arbiter_unreal1_2_9.tlsf,expo,1,0,4,0.8187549114227295
../LTL-Synth/round_robin_arbiter_unreal1_2_9.tlsf,expo,2,0,4,0.8737969398498535
../LTL-Synth/round_robin_arbiter_unreal1_2_9.tlsf,expo,4,0,4,1.0508878231048584
../LTL-Synth/round_robin_arbiter_unreal1_2_9.tlsf,hybrid,1,0,3,0.9339621067047119
../LTL-Synth/round_robin_arbiter_unreal1_2_9.tlsf,hybrid,2,0,3,0.979665994644165
../LTL-Synth/round_robin_arbiter_unreal1_2_9.tlsf,hybrid,4,0,3,1.1587319374084473
../LTL-Synth/round_robin_arbiter_unreal1_2_9.tlsf,hybrid,3,0,3,1.9521820545196533
../LTL-Synth/Scoreboard.tlsf,linear,1,0,1,1.09116792678833
../LTL-Synth/Scoreboard.tlsf,expo,1,0,1,1.105025053024292
../LTL-Synth/Scoreboard.tlsf,hybrid,1,0,1,1.0919709205627441
../LTL-Synth/Scoreboard.tlsf,hybrid,1,0,1,1.097235918045044
../LTL-Synth/SensorRegister.tlsf,linear,1,0,1,0.6152000427246094
../LTL-Synth/SensorRegister.tlsf,expo,1,0,1,0.6040468215942383
../LTL-Synth/SensorRegister.tlsf,hybrid,1,0,1,0.6017029285430908
../LTL-Synth/SensorRegister.tlsf,hybrid,1,0,1,0.6059720516204834
../LTL-Synth/shift_10.tlsf,linear,1,0,1,2.2423770427703857
../LTL-Synth/shift_10.tlsf,expo,1,0,1,0.8198051452636719
../LTL-Synth/shift_10.tlsf,hybrid,1,0,1,1.1236979961395264
../LTL-Synth/shift_10.tlsf,hybrid,1,0,1,1.1793508529663086
../LTL-Synth/shift_12.tlsf,linear,1,0,1,1.9198360443115234
../LTL-Synth/shift_12.tlsf,expo,1,0,1,1.9393551349639893
../LTL-Synth/shift_12.tlsf,hybrid,1,0,1,1.9415678977966309
../LTL-Synth/shift_12.tlsf,hybrid,1,0,1,2.0622048377990723
../LTL-Synth/shift_2.tlsf,linear,1,0,1,0.9087839126586914
../LTL-Synth/shift_2.tlsf,expo,1,0,1,0.9279370307922363
../LTL-Synth/shift_2.tlsf,hybrid,1,0,1,0.9248440265655518
../LTL-Synth/shift_2.tlsf,hybrid,1,0,1,0.9296190738677979
../LTL-Synth/shift_4.tlsf,linear,1,0,1,0.9526839256286621
../LTL-Synth/shift_4.tlsf,expo,1,0,1,1.1382839679718018
../LTL-Synth/shift_4.tlsf,hybrid,1,0,1,0.649738073348999
../LTL-Synth/shift_4.tlsf,hybrid,1,0,1,0.6540920734405518
../LTL-Synth/shift_6.tlsf,linear,1,0,1,0.652209997177124
../LTL-Synth/shift_6.tlsf,expo,1,0,1,0.9493241310119629
../LTL-Synth/shift_6.tlsf,hybrid,1,0,1,0.6157701015472412
../LTL-Synth/shift_6.tlsf,hybrid,1,0,1,0.6228749752044678
../LTL-Synth/shift_8.tlsf,linear,1,0,1,0.9990718364715576
../LTL-Synth/shift_8.tlsf,expo,1,0,1,0.6620800495147705
../LTL-Synth/shift_8.tlsf,hybrid,1,0,1,0.6523990631103516
../LTL-Synth/shift_8.tlsf,hybrid,1,0,1,0.6642849445343018
../LTL-Synth/simple_arbiter_2.tlsf,linear,1,0,3,0.9481899738311768
../LTL-Synth/simple_arbiter_2.tlsf,linear,2,0,3,0.95619797706604
../LTL-Synth/simple_arbiter_2.tlsf,linear,3,0,3,0.9761991500854492
../LTL-Synth/simple_arbiter_2.tlsf,expo,1,0,4,0.6250219345092773
../LTL-Synth/simple_arbiter_2.tlsf,expo,2,0,4,0.6312360763549805
../LTL-Synth/simple_arbiter_2.tlsf,expo,4,0,4,0.6523358821868896
../LTL-Synth/simple_arbiter_2.tlsf,hybrid,1,0,3,1.074220895767212
../LTL-Synth/simple_arbiter_2.tlsf,hybrid,2,0,3,1.082338809967041
../LTL-Synth/simple_arbiter_2.tlsf,hybrid,4,0,3,1.1025898456573486
../LTL-Synth/simple_arbiter_2.tlsf,hybrid,3,0,3,1.169740915298462
../LTL-Synth/simple_arbiter_4.tlsf,linear,1,0,4,1.4202008247375488
../LTL-Synth/simple_arbiter_4.tlsf,linear,2,0,4,1.433241844177246
../LTL-Synth/simple_arbiter_4.tlsf,linear,3,0,4,1.4809129238128662
../LTL-Synth/simple_arbiter_4.tlsf,linear,4,0,4,1.57377290725708
../LTL-Synth/simple_arbiter_4.tlsf,expo,1,0,4,0.6510031223297119
../LTL-Synth/simple_arbiter_4.tlsf,expo,2,0,4,0.6645491123199463
../LTL-Synth/simple_arbiter_4.tlsf,expo,4,0,4,0.7184710502624512
../LTL-Synth/simple_arbiter_4.tlsf,hybrid,1,0,4,0.6519589424133301
../LTL-Synth/simple_arbiter_4.tlsf,hybrid,2,0,4,0.6644179821014404
../LTL-Synth/simple_arbiter_4.tlsf,hybrid,4,0,4,0.71340012550354
../LTL-Synth/simple_arbiter_4.tlsf,hybrid,3,0,4,0.8595950603485107
../LTL-Synth/simple_arbiter_4.tlsf,hybrid,4,0,4,0.950416088104248
../LTL-Synth/simple_arbiter_enc_2.tlsf,linear,1,0,4,1.0334069728851318
../LTL-Synth/simple_arbiter_enc_2.tlsf,linear,2,0,4,1.0418589115142822
../LTL-Synth/simple_arbiter_enc_2.tlsf,linear,3,0,4,1.0599679946899414
../LTL-Synth/simple_arbiter_enc_2.tlsf,linear,4,0,4,1.1005280017852783
../LTL-Synth/simple_arbiter_enc_2.tlsf,expo,1,0,4,1.3941900730133057
../LTL-Synth/simple_arbiter_enc_2.tlsf,expo,2,0,4,1.4002349376678467
../LTL-Synth/simple_arbiter_enc_2.tlsf,expo,4,0,4,1.425178050994873
../LTL-Synth/simple_arbiter_enc_2.tlsf,hybrid,1,0,4,1.3907830715179443
../LTL-Synth/simple_arbiter_enc_2.tlsf,hybrid,2,0,4,1.39752197265625
../LTL-Synth/simple_arbiter_enc_2.tlsf,hybrid,4,0,4,1.4161090850830078
../LTL-Synth/simple_arbiter_enc_2.tlsf,hybrid,3,0,4,1.481032133102417
../LTL-Synth/simple_arbiter_enc_2.tlsf,hybrid,4,0,4,1.5213570594787598
../LTL-Synth/simple_arbiter_unreal2_2.tlsf,linear,1,0,1,1.376460075378418
../LTL-Synth/simple_arbiter_unreal2_2.tlsf,expo,1,0,1,0.6354079246520996
../LTL-Synth/simple_arbiter_unreal2_2.tlsf,hybrid,1,0,1,0.9318749904632568
../LTL-Synth/simple_arbiter_unreal2_2.tlsf,hybrid,1,0,1,0.9742920398712158
../LTL-Synth/simple_arbiter_unreal2_3.tlsf,linear,1,0,1,0.8169300556182861
../LTL-Synth/simple_arbiter_unreal2_3.tlsf,expo,1,0,1,1.1222190856933594
../LTL-Synth/simple_arbiter_unreal2_3.tlsf,hybrid,1,0,1,1.0924029350280762
../LTL-Synth/simple_arbiter_unreal2_3.tlsf,hybrid,1,0,1,1.4682588577270508
../LTL-Synth/SPIReadClk.tlsf,linear,1,0,1,0.9104578495025635
../LTL-Synth/SPIReadClk.tlsf,expo,1,0,1,0.6151180267333984
../LTL-Synth/SPIReadClk.tlsf,hybrid,1,0,1,0.6139950752258301
../LTL-Synth/SPIReadClk.tlsf,hybrid,1,0,1,0.6203651428222656
../LTL-Synth/SPIReadSdi.tlsf,linear,1,0,1,0.6451349258422852
../LTL-Synth/SPIReadSdi.tlsf,expo,1,0,1,0.6364271640777588
../LTL-Synth/SPIReadSdi.tlsf,hybrid,1,0,1,0.6265048980712891
../LTL-Synth/SPIReadSdi.tlsf,hybrid,1,0,1,0.6926989555358887
../LTL-Synth/SPIWriteClk.tlsf,linear,1,0,1,0.5974011421203613
../LTL-Synth/SPIWriteClk.tlsf,expo,1,0,1,0.6255030632019043
../LTL-Synth/SPIWriteClk.tlsf,hybrid,1,0,1,0.6633810997009277
../LTL-Synth/SPIWriteClk.tlsf,hybrid,1,0,1,0.6688199043273926
../LTL-Synth/SPIWriteSdi.tlsf,linear,1,0,1,0.636807918548584
../LTL-Synth/SPIWriteSdi.tlsf,expo,1,0,1,0.6464769840240479
../LTL-Synth/SPIWriteSdi.tlsf,hybrid,1,0,1,0.6414179801940918
../LTL-Synth/SPIWriteSdi.tlsf,hybrid,1,0,1,0.7363970279693604
../LTL-Synth/torcs_accelerating.tlsf,linear,1,0,1,0.6103529930114746
../LTL-Synth/torcs_accelerating.tlsf,expo,1,0,1,0.6296029090881348
../LTL-Synth/torcs_accelerating.tlsf,hybrid,1,0,1,0.6303389072418213
../LTL-Synth/torcs_accelerating.tlsf,hybrid,1,0,1,0.6358737945556641
../LTL-Synth/torcs_steering_simple.tlsf,linear,1,0,1,0.6384820938110352
../LTL-Synth/torcs_steering_simple.tlsf,expo,1,0,1,0.6347880363464355
../LTL-Synth/torcs_steering_simple.tlsf,hybrid,1,0,1,0.6525750160217285
../LTL-Synth/torcs_steering_simple.tlsf,hybrid,1,0,1,0.7504279613494873
../LTL-Synth/torcs_steering_smart.tlsf,linear,1,0,5,0.8440780639648438
../LTL-Synth/torcs_steering_smart.tlsf,linear,2,0,5,0.9740180969238281
../LTL-Synth/torcs_steering_smart.tlsf,linear,3,0,5,1.2244219779968262
../LTL-Synth/torcs_steering_smart.tlsf,linear,4,0,5,1.7194271087646484
../LTL-Synth/torcs_steering_smart.tlsf,linear,5,0,5,2.4690351486206055
../LTL-Synth/torcs_steering_smart.tlsf,expo,1,0,8,0.8314869403839111
../LTL-Synth/torcs_steering_smart.tlsf,expo,2,0,8,0.9582860469818115
../LTL-Synth/torcs_steering_smart.tlsf,expo,4,0,8,1.1991190910339355
../LTL-Synth/torcs_steering_smart.tlsf,expo,8,0,8,1.9472911357879639
../LTL-Synth/torcs_steering_smart.tlsf,hybrid,1,0,5,0.8732001781463623
../LTL-Synth/torcs_steering_smart.tlsf,hybrid,2,0,5,0.9961121082305908
../LTL-Synth/torcs_steering_smart.tlsf,hybrid,4,0,5,1.2380661964416504
../LTL-Synth/torcs_steering_smart.tlsf,hybrid,8,0,5,1.9881172180175781
../LTL-Synth/torcs_steering_smart.tlsf,hybrid,6,0,5,4.071890115737915
../LTL-Synth/torcs_steering_smart.tlsf,hybrid,5,0,5,5.3399131298065186
../LTL-Synth/zoo0.tlsf,linear,1,0,1,0.9378490447998047
../LTL-Synth/zoo0.tlsf,expo,1,0,1,0.9455060958862305
../LTL-Synth/zoo0.tlsf,hybrid,1,0,1,0.931873083114624
../LTL-Synth/zoo0.tlsf,hybrid,1,0,1,2.3017141819000244
../LTL-Synth/zoo10.tlsf,linear,1,0,1,0.7879321575164795
../LTL-Synth/zoo10.tlsf,expo,1,0,1,0.8170261383056641
../LTL-Synth/zoo10.tlsf,hybrid,1,0,1,0.7690279483795166
../LTL-Synth/zoo10.tlsf,hybrid,1,0,1,1.455578088760376